33.087180, 32.193432, 23.942977, 24.035404, 24.049401, 26.912940, 24.018842, 45.256679, 24.015106, 38.773418, 25.123452, 26.094771, 26.249402, 41.484145, 27.286985, 36.225555, 35.033798, 37.958429, 38.019765, 37.171966, 52.865226, 19.054127, 36.274768, 40.912265, 27.702308, 39.581125, 30.946400, 24.018680, 32.989897, 22.855307, 34.132492, 46.118798, 44.054892, 31.836154, 38.090858, 51.198682, 52.082563, 67.305855, 67.041306, 42.796686, 24.082209, 24.107280, 61.761471, 55.258191, 23.799424, 49.125717, 18.951615, 41.928638, 15.724687, 18.325418, 52.123177, 31.096733, 47.931197, 16.990908, 19.663937, 42.230072, 14.832163, 19.675281, 42.533526, 41.897477, 24.063456, 15.868113, 44.075686, 19.868840, 26.918398, 19.031330, 42.254179, 16.285451, 17.084676, 15.975672, 45.728773, 24.171429, 24.246439, 43.071836, 19.364495, 17.288651, 19.129361, 30.511126, 21.937843, 21.682625, 14.758304, 39.342524, 45.163421, 43.984131, 42.077533, 30.084248, 33.283650, 61.418983, 34.305319, 53.015777, 53.013891, 52.760452, 51.967379, 52.107076, 52.068228, 52.127920, 34.889409, 52.285228, 34.181322, 33.495991, 52.355316, 52.172588, 52.294555, 34.020008, 52.414048, 52.510432, 52.695143, 38.033905, 52.702178, 52.840291, 52.782791, 34.440713, 52.629104, 52.571588, 30.694852, 50.959749, 43.684288, 52.161168, 33.641483, 54.444350, 49.046181, 48.490890, 31.183920, 46.582689, 46.957933, 48.905831, 32.118469, 49.173873, 37.629420, 33.545232, 53.214053, 25.537959, 25.535158, 31.023018, 48.504160, 53.200567, 52.465087, 25.413420, 53.464784, 55.037398, 66.744765, 35.848842, 65.888957, 49.212025, 52.209477, 34.109364, 41.740723, 29.400072, 33.504224, 35.957315, 25.591475, 25.573439, 33.978638, 34.109919, 32.912711, 36.672794, 34.539496, 31.046628, 33.056111, 29.990757, 25.608958, 25.404154, 34.090916, 25.485627, 39.450280, 25.202092, 34.022848, 37.721720, 34.708163, 35.881237, 33.858562, 34.076930, 33.914339, 33.716055, 25.600381, 34.745781, 35.776630, 32.187372, 31.717493, 34.885054, 36.735566, 34.856362, 34.916516, 36.865272, 30.841223, 23.883335, 35.010402, 35.061975, 34.976745, 34.800556, 34.733603, 34.813954, 34.641106, 34.745590, 34.763983, 26.051180, 34.733124, 34.766637, 34.720660, 26.096943, 44.920801, 46.305839, 51.352424, 51.442518, 50.767574, 42.808510, 51.843934, 54.492137, 51.637265, 43.277661, 67.134534, 64.076209, 73.878876, 40.884692, 79.390111, 81.002595, 19.910816, 36.134230, 33.072799, 40.394380, 14.261056, 37.893481, 43.138627, 39.234283, 41.918503, 44.008967, 50.064125, 51.920913, 29.051017, 67.652811, 69.050642, 27.946268, 42.644540, 45.919372, 38.981717, 18.501733, 43.161643, 47.654139, 47.761587, 12.958135, 51.899328, 52.030048, 51.799671, 44.179370, 52.739647, 56.664702, 81.105794, 44.938296, 86.988015, 83.836386, 70.961369, 43.199533, 77.159070, 85.050135, 83.302815, 40.894401, 86.255835, 85.715562, 44.373467, 45.781379, 52.815761, 87.761545, 45.639992, 90.146243, 93.967088, 90.394040, 43.570921, 87.193257, 84.850636, 89.209826, 45.087088, 52.051472, 51.889189, 45.076475, 90.941194, 91.999895, 86.754508, 49.518124, 86.143820, 86.008407, 93.714656, 45.473504, 45.616386, 48.020370, 44.077170, 44.977251, 51.162851, 71.601613, 43.056733, 84.281822, 84.338050, 84.651660, 45.583527, 84.974518, 85.037923, 85.185947, 47.125786, 85.744216, 47.972281, 45.953419, 85.595416, 85.958662, 86.102679, 45.820863, 86.458827, 86.662802, 86.708419, 44.338378, 87.035458, 87.162701, 87.458197, 47.419728, 87.941820, 87.990988, 43.871624, 91.709023, 91.151503, 83.315353, 43.118167, 88.092703, 87.482907, 87.669312, 42.885810, 81.044629, 88.112455, 79.932530, 45.486441, 87.253152, 44.654288, 43.847199, 45.644496, 52.035951, 51.893573, 40.741138, 89.461299, 86.799258, 85.764240, 51.997047, 86.404908, 85.128255, 78.065886, 47.162486, 79.253032, 88.963225, 97.528457, 46.061589, 97.507073, 90.109497, 49.075587, 45.937670, 51.272581, 51.281417, 40.035980, 43.974018, 44.793419, 43.739459, 45.391540, 45.902541, 42.158656, 40.743748, 51.167434, 50.950692, 42.852651, 51.018975, 45.718376, 51.113384, 44.022251, 43.792538, 43.746604, 42.976410, 44.174144, 47.647845, 43.146314, 43.994321, 50.785682, 44.181072, 40.381459, 44.345319, 43.223308, 43.542469, 41.357010, 44.818535, 44.816239, 38.659322, 34.498241, 27.823205, 44.645457, 44.711896, 44.381280, 44.588307, 44.597484, 44.360553, 44.384356, 44.273591, 44.275742, 50.303006, 44.496358, 44.396777, 44.361537, 49.934214, 1.000000, 
68.818306, 68.884530, 68.965135, 68.906181, 68.947831, 68.989382, 69.009612, 68.933237, 68.931779, 68.805945, 68.763905, 68.478192, 68.477030, 68.284186, 68.378093, 68.335348, 68.551551, 68.726386, 68.697190, 68.926122, 68.870396, 68.838912, 78.860996, 79.010429, 68.395520, 68.864467, 70.634137, 81.635861, 74.123126, 70.960349, 77.413760, 75.739932, 73.117524, 78.841238, 77.970886, 78.460130, 77.222110, 77.340677, 77.217116, 77.281748, 77.246088, 77.229287, 73.968618, 87.144214, 72.967621, 87.128558, 82.907243, 74.251244, 68.376925, 68.152676, 68.619504, 75.792539, 68.838464, 68.810085, 68.512816, 68.565362, 77.231431, 77.216503, 77.183442, 77.168415, 77.169199, 77.021942, 77.099873, 77.043107, 77.040713, 68.667874, 68.797008, 68.884716, 68.730088, 68.470562, 68.497385, 68.388012, 68.654374, 68.709087, 72.692645, 73.978893, 68.423813, 68.328292, 68.394514, 68.467667, 68.327915, 68.315393, 68.310795, 68.260670, 68.301293, 74.338977, 82.026385, 68.412544, 68.230515, 68.418160, 68.301828, 68.284932, 68.316067, 68.184035, 68.285546, 68.575781, 68.424738, 68.707138, 68.644209, 68.631910, 68.676606, 68.675160, 68.688012, 65.129985, 68.312755, 70.336289, 57.914901, 61.999404, 106.978552, 106.859383, 106.952665, 106.725403, 106.822856, 106.810138, 106.809210, 106.713231, 106.835192, 106.716370, 106.533098, 106.525245, 106.474996, 106.502341, 106.497236, 106.276678, 106.298454, 106.397195, 106.451622, 106.600891, 106.805946, 106.950227, 101.672949, 91.981326, 101.043597, 86.488438, 95.879457, 93.296006, 87.122183, 84.929431, 86.123302, 86.121869, 84.879225, 92.917243, 89.702015, 91.777787, 91.865824, 90.950168, 90.804007, 91.432283, 91.498627, 91.477896, 82.839665, 84.832186, 92.785953, 85.964636, 87.069033, 82.946089, 87.113653, 79.833877, 84.167119, 78.052562, 84.193247, 84.145784, 84.175857, 84.470296, 91.118194, 91.082858, 91.070226, 91.014932, 91.100708, 91.094063, 91.131569, 91.010951, 90.982438, 84.763041, 84.766823, 84.742976, 84.858137, 84.536053, 84.582935, 84.617378, 84.830138, 84.799643, 77.790575, 81.080713, 84.920555, 84.914179, 84.924909, 84.913589, 84.852630, 84.807667, 84.745970, 84.596065, 84.808869, 69.723119, 79.784704, 84.820558, 84.855386, 84.876751, 84.815367, 84.747389, 84.742038, 84.733569, 84.761415, 84.709649, 84.738104, 84.773745, 84.800810, 84.529583, 84.359868, 84.676560, 84.495149, 92.982227, 92.989483, 85.843813, 94.838010, 87.038462, 2.000000, 
32.763658, 44.998902, 81.781052, 88.789277, 3.000000, 
19.951470, 19.787748, 19.271083, 19.085836, 19.204315, 19.088870, 19.008371, 18.929120, 18.728747, 18.655233, 18.806165, 18.923973, 18.856416, 18.933989, 19.015880, 19.135535, 19.054392, 19.536751, 18.867561, 18.443519, 29.787912, 18.316663, 18.285815, 18.341119, 18.347464, 18.418948, 18.441168, 30.043423, 18.256602, 18.215638, 18.132752, 18.036833, 17.910163, 16.605345, 14.541792, 17.115423, 18.160725, 22.775921, 20.030855, 21.205382, 22.799469, 25.292492, 22.711906, 21.034643, 28.264377, 25.011240, 14.249322, 7.404153, 86.664299, 86.427156, 86.212425, 86.114623, 85.724849, 85.589498, 85.477690, 85.226454, 84.967082, 84.691779, 84.352644, 84.104617, 83.978924, 84.026333, 83.915289, 83.896676, 83.794494, 84.207281, 83.905155, 75.444627, 76.577996, 83.581759, 83.520718, 83.742219, 83.614276, 83.692650, 83.817299, 75.130894, 83.827361, 83.795772, 83.636665, 83.518542, 83.053943, 85.030657, 79.523067, 79.141544, 83.962009, 89.494232, 84.835968, 87.229381, 90.116221, 85.177539, 83.479354, 87.920089, 84.573491, 71.843341, 73.690141, 72.080759, 4.000000, 
74.829816, 74.064057, 73.195590, 74.977711, 75.425932, 79.595732, 82.947362, 82.016521, 81.716481, 85.516848, 86.708459, 82.733501, 86.868144, 79.897942, 5.000000, 
70.415804, 70.480422, 70.191629, 70.168567, 70.124067, 70.080352, 72.327194, 71.472091, 78.667630, 75.025914, 78.453377, 76.867565, 72.975886, 75.636543, 74.814555, 44.701099, 44.447680, 44.643726, 44.769124, 44.948681, 45.026995, 36.290658, 42.020304, 36.797161, 40.014592, 43.599873, 48.875028, 43.119735, 50.543580, 43.050713, 6.000000, 
118.847527, 118.518889, 118.483844, 118.259884, 118.484431, 118.634709, 118.580037, 118.596856, 118.491440, 118.605342, 118.658045, 118.619777, 118.986799, 119.059799, 119.073318, 119.002634, 119.285537, 119.249316, 119.102807, 119.061214, 118.892351, 119.013525, 118.956856, 119.096025, 119.019312, 119.275624, 119.449476, 119.497816, 119.424575, 119.406491, 119.380980, 119.317655, 119.407245, 119.387593, 119.518036, 119.812048, 119.894574, 119.897453, 119.991577, 120.017779, 120.106633, 120.206088, 120.214993, 120.041125, 120.090404, 120.168224, 120.125536, 120.037887, 120.076684, 120.205164, 120.192986, 120.109727, 119.923471, 120.061192, 120.032270, 120.069515, 119.931914, 119.901836, 119.724574, 119.620952, 119.458153, 119.584403, 119.589861, 119.599738, 119.523859, 119.703843, 119.404104, 119.481113, 119.543092, 119.704704, 119.881097, 120.121379, 120.137400, 120.127958, 120.166405, 120.372455, 120.540704, 120.652740, 120.364723, 120.007193, 119.894564, 119.766372, 119.603291, 116.921870, 117.364465, 116.226116, 104.557845, 99.414998, 96.081616, 86.080767, 84.740594, 77.652787, 77.486046, 77.540460, 77.384483, 77.730410, 86.128855, 77.663352, 77.816308, 77.916303, 77.936400, 77.826792, 77.923473, 70.984212, 79.600740, 82.440015, 106.765533, 106.876995, 106.671245, 106.926001, 106.987731, 106.962312, 106.944647, 106.870050, 106.456882, 106.488185, 106.364018, 106.491355, 106.536201, 106.741912, 106.461164, 106.300392, 106.013317, 106.099212, 106.099512, 106.091724, 106.158428, 106.081934, 105.810959, 105.896950, 105.832746, 105.862524, 105.894387, 106.223682, 106.269649, 106.531350, 106.576187, 106.405989, 106.330483, 106.208974, 106.338883, 106.231856, 105.991387, 105.942852, 105.977595, 105.675847, 105.367808, 105.296821, 105.396927, 105.216757, 105.162511, 104.954742, 104.952521, 104.970731, 104.918492, 105.070051, 104.959312, 105.047548, 105.193366, 105.058103, 105.231685, 105.339328, 105.287204, 105.586603, 105.325184, 105.243245, 105.297500, 105.009807, 104.945420, 104.686738, 104.330585, 104.179787, 104.017283, 104.035044, 103.994793, 103.992461, 103.972738, 104.040760, 104.080293, 104.101503, 103.978048, 104.057192, 104.000853, 104.325976, 104.344751, 104.776859, 104.320434, 104.353679, 104.116316, 106.962643, 110.219143, 109.215050, 105.963323, 114.310190, 104.014778, 109.721927, 104.055361, 114.841459, 114.803242, 114.923148, 114.965262, 114.885625, 115.253347, 114.743924, 114.530427, 114.606022, 114.574539, 114.608484, 114.545840, 112.276346, 102.539271, 108.028665, 7.000000, 
50.767290, 49.582549, 52.043432, 9.333305, 14.093996, 4.161993, 8.000000, 
113.540930, 113.615745, 113.922154, 114.096166, 114.475484, 114.306200, 114.317820, 112.723271, 114.200845, 110.597245, 113.496933, 117.678766, 115.460980, 116.935121, 117.044025, 115.320625, 120.736961, 116.835460, 114.696068, 111.325579, 104.256947, 113.855590, 110.940387, 118.365884, 111.005505, 109.521294, 108.980293, 113.937495, 127.000000, 111.118223, 110.180599, 107.841541, 108.914647, 106.885437, 110.301013, 112.049007, 121.174061, 116.317478, 112.002317, 117.736946, 112.964289, 107.550524, 111.051908, 103.995114, 100.315921, 101.995098, 108.667355, 108.994453, 112.115919, 111.841699, 116.974815, 109.487548, 108.975232, 113.154591, 103.960365, 112.309458, 116.307712, 113.183121, 116.324264, 114.108254, 114.118728, 114.940340, 113.012687, 111.136850, 117.735424, 115.102437, 115.050735, 115.963349, 117.234465, 115.090632, 110.625737, 117.203959, 113.120406, 114.185227, 117.935594, 113.793786, 116.070848, 118.519841, 112.958759, 111.123531, 116.821483, 114.444909, 113.500402, 110.413833, 111.519089, 115.178130, 112.066843, 108.425221, 106.589720, 100.799012, 14.634308, 14.524448, 14.366338, 14.602554, 14.491348, 14.508166, 14.792406, 15.287910, 10.367518, 16.105236, 12.472124, 13.038394, 15.420802, 16.310569, 13.040725, 16.919193, 15.539052, 14.853883, 15.372326, 35.780536, 37.080891, 15.973765, 13.632061, 16.837026, 19.282802, 10.566731, 15.529678, 7.004162, 12.000000, 31.073255, 31.240452, 30.180389, 27.511992, 21.486501, 24.930069, 17.079356, 17.767022, 12.854850, 11.504522, 16.943454, 12.000836, 14.303688, 18.436455, 17.084469, 18.401266, 13.691737, 14.267098, 16.871011, 12.962927, 16.675435, 21.509792, 13.449117, 17.949918, 31.900751, 21.090084, 30.444366, 29.618809, 30.082582, 31.229202, 27.138237, 31.002941, 29.545817, 31.242308, 29.537610, 28.695456, 34.813887, 32.167272, 30.521701, 31.729263, 32.087330, 28.033096, 30.862182, 26.034743, 27.082011, 31.118314, 26.856921, 29.100718, 32.734583, 31.725291, 31.543721, 30.878447, 32.961299, 25.794056, 28.090370, 31.819955, 29.976354, 32.970436, 37.191403, 33.961910, 28.271141, 9.000000, 
45.518154, 39.983441, 50.103510, 39.506050, 40.273011, 37.035786, 38.977472, 38.833178, 43.707560, 47.085626, 38.036352, 43.321550, 45.993806, 45.091591, 38.113611, 27.569949, 10.000000, 
85.636447, 85.862912, 85.803879, 85.943131, 85.914234, 85.905942, 85.938454, 85.984264, 85.931687, 86.059021, 86.034491, 86.013684, 86.006580, 85.999085, 85.952528, 85.920700, 85.961911, 85.974482, 86.001215, 86.041405, 86.029237, 85.970838, 85.965157, 86.014644, 86.037892, 86.046468, 86.049583, 86.121804, 86.049003, 85.968558, 86.096367, 86.028891, 86.049805, 85.947284, 86.130516, 85.998297, 86.032168, 86.164670, 86.159870, 86.099045, 86.180922, 86.167449, 84.094687, 79.563750, 79.954559, 78.036883, 79.009477, 78.978107, 79.035572, 79.026897, 79.225188, 79.146064, 79.277626, 79.195166, 79.028961, 79.027395, 78.989992, 78.974690, 78.893330, 78.942344, 78.815631, 78.795925, 78.639723, 78.373566, 78.406865, 78.323413, 78.163037, 78.365994, 78.264363, 69.394424, 78.331115, 78.416413, 78.178295, 78.237628, 79.212857, 91.170435, 86.615018, 86.995939, 110.114371, 110.463862, 110.341462, 110.435262, 110.269160, 110.567585, 110.524998, 110.513890, 110.461889, 110.592844, 110.509080, 110.450124, 110.681217, 110.670164, 110.667214, 110.491030, 110.819378, 110.923505, 110.911590, 110.996323, 111.053635, 111.070721, 111.055426, 111.161520, 111.312634, 111.450381, 111.393669, 111.317849, 111.227905, 111.198920, 111.056271, 110.982229, 111.088020, 111.046134, 111.007852, 111.094329, 111.108019, 110.965723, 111.046801, 111.113561, 110.977895, 111.101576, 110.098223, 109.839262, 112.556888, 114.879832, 115.581997, 115.730816, 115.722715, 115.593775, 115.542527, 115.873306, 115.830837, 115.808786, 115.998677, 116.050817, 116.052782, 116.171022, 116.168716, 116.275254, 116.203036, 116.194199, 116.145426, 116.146982, 115.903610, 115.997806, 115.963531, 115.915401, 115.688229, 121.875129, 115.461395, 115.406838, 115.336114, 115.380206, 122.572909, 125.349087, 122.504280, 121.011968, 11.000000, 
74.555303, 73.366835, 75.540300, 78.722388, 72.951263, 74.190186, 70.242323, 70.274310, 70.533388, 70.045983, 69.948460, 69.668657, 69.342927, 69.153122, 69.120335, 69.567230, 69.174189, 68.852653, 68.857001, 73.044707, 69.126452, 68.714474, 68.547868, 73.747298, 71.739662, 75.654998, 73.273400, 72.392018, 74.359474, 77.423687, 71.464869, 70.648033, 72.637843, 74.169485, 72.086718, 71.405049, 76.634855, 72.281580, 71.793607, 70.003611, 71.222487, 68.892744, 66.697645, 64.835404, 73.147141, 65.984288, 65.675589, 65.341192, 71.723683, 75.024311, 74.950109, 71.743971, 64.469889, 64.276797, 73.634145, 73.527685, 76.815737, 77.349779, 73.299775, 63.655694, 63.690869, 63.548315, 76.505329, 76.238057, 63.031291, 62.948096, 75.043922, 72.848108, 62.924714, 62.978882, 74.579886, 63.053681, 79.826823, 73.348980, 94.520384, 73.980768, 62.725081, 62.760792, 62.775632, 62.843664, 62.722580, 62.482606, 55.653126, 62.418570, 62.350736, 62.124361, 62.065165, 61.880915, 61.963711, 61.522456, 61.425814, 61.642599, 61.412094, 61.273676, 61.264976, 61.058075, 60.991400, 60.541949, 60.399425, 60.438372, 60.496060, 60.241146, 60.091900, 59.916213, 59.967705, 59.630530, 59.472851, 59.314327, 59.386342, 59.555280, 59.687835, 59.469205, 59.323626, 59.370939, 59.180536, 59.077156, 58.832324, 58.825307, 58.695696, 58.434854, 58.019813, 46.999990, 57.791370, 57.565902, 57.231174, 57.287992, 57.177552, 57.064863, 56.851426, 56.854190, 56.796531, 56.910795, 56.765276, 56.765420, 56.758767, 56.962469, 56.789995, 56.585722, 56.456776, 56.489494, 56.532909, 56.501737, 56.811472, 56.762833, 51.831074, 57.016602, 46.962504, 51.953969, 49.936342, 59.112548, 48.259671, 56.021681, 42.407038, 45.839054, 49.390622, 44.225150, 46.151303, 37.328613, 55.642609, 55.460198, 55.328782, 56.916641, 54.972857, 54.941175, 54.909947, 54.911874, 54.842283, 54.513184, 54.227395, 54.323872, 54.116092, 54.052018, 54.099480, 54.106610, 54.065725, 54.149307, 54.174034, 54.029175, 54.018172, 53.805825, 53.708995, 53.460372, 53.267338, 52.970405, 53.046729, 52.924855, 43.828170, 41.884142, 39.418519, 52.912521, 53.033350, 36.199985, 35.412863, 53.020449, 35.932322, 53.074709, 38.931623, 36.037993, 52.898574, 52.926680, 47.138357, 43.536333, 46.378026, 44.370964, 42.058645, 47.388148, 45.135068, 45.004292, 44.926319, 44.742770, 44.413641, 44.384048, 44.273612, 44.418512, 44.947284, 45.070549, 46.219221, 45.638063, 45.615167, 42.631382, 45.712550, 45.868641, 45.165762, 47.648496, 46.971228, 47.412933, 46.446285, 46.115837, 44.438248, 47.852744, 36.392602, 39.384296, 44.216082, 49.989396, 47.377484, 45.797009, 46.177948, 35.268986, 49.030988, 12.710253, 48.269599, 28.943493, 47.466817, 37.988222, 47.143996, 47.166313, 47.184969, 47.015776, 48.888415, 47.723573, 49.071053, 44.389740, 46.335914, 46.099326, 39.372826, 41.641741, 39.588857, 42.523974, 43.586132, 45.689419, 45.668166, 45.532003, 43.709341, 45.278447, 45.093141, 45.271002, 41.128625, 48.027870, 45.113688, 44.910881, 47.544973, 44.639728, 47.651479, 42.749600, 63.947035, 43.996402, 43.527775, 43.239842, 43.058704, 43.068557, 43.114099, 43.268056, 46.371114, 43.051338, 42.957593, 42.828189, 42.529265, 42.118396, 41.956570, 41.516043, 41.040583, 40.651228, 40.494294, 40.489539, 40.356386, 40.268673, 40.411178, 40.642617, 40.714159, 40.821292, 40.629005, 40.345553, 40.271876, 40.099780, 39.915890, 39.731231, 39.490200, 39.384385, 39.207900, 39.230084, 39.325364, 39.201744, 39.275372, 39.319241, 39.101294, 39.153732, 39.289186, 39.348663, 39.414709, 39.483662, 39.675488, 31.413772, 39.500826, 39.563809, 39.824284, 40.028683, 40.244879, 40.096533, 40.071153, 40.071194, 40.046366, 40.144951, 40.104225, 40.090788, 40.029483, 39.835729, 39.915542, 39.890820, 40.032507, 40.223574, 40.337520, 40.312168, 40.265471, 40.196149, 33.011161, 40.015133, 40.370276, 36.594840, 27.118400, 29.910481, 39.043859, 39.255978, 29.637051, 30.162566, 27.093770, 25.769004, 17.827409, 11.840955, 38.835132, 38.460750, 38.369545, 23.823356, 38.212881, 38.293278, 38.184743, 37.924040, 37.734824, 37.529311, 37.159783, 36.945790, 37.023966, 36.914720, 36.874461, 36.720348, 36.340082, 36.192499, 36.176056, 35.960689, 35.799837, 35.321442, 35.105430, 34.961901, 34.648465, 34.490268, 34.473121, 34.216723, 34.021306, 24.509257, 33.999365, 33.714487, 33.516474, 29.476431, 28.055297, 32.916724, 29.035645, 32.526225, 31.871513, 32.198407, 32.059845, 32.008792, 12.000000, 
100.149185, 100.204150, 100.351908, 100.290911, 100.266400, 100.271805, 100.253413, 100.208371, 25.073543, 24.977618, 24.985441, 25.032188, 25.029670, 25.021382, 25.054726, 25.037578, 13.000000, 
69.711608, 72.241725, 72.763694, 70.545616, 70.595122, 70.556413, 70.320467, 70.283660, 60.040947, 58.301892, 70.772476, 70.894674, 70.832871, 70.517042, 70.089209, 70.126254, 68.106817, 66.491919, 70.174623, 63.942167, 67.278053, 67.155215, 67.044773, 67.047478, 67.064967, 50.045460, 40.749564, 67.037996, 66.863315, 66.680728, 66.210815, 66.142110, 66.112639, 60.966096, 14.000000, 
77.840403, 74.168743, 70.053926, 70.394099, 70.511808, 74.721284, 74.164945, 73.152399, 75.289822, 77.922596, 72.868085, 74.080219, 75.846766, 73.386227, 57.692416, 70.003876, 76.428090, 72.857485, 70.268626, 70.191592, 70.614827, 70.556323, 70.445072, 80.502204, 75.812140, 71.073395, 73.698031, 80.122080, 71.224808, 71.286030, 71.247426, 71.461372, 71.274180, 71.484665, 71.269979, 71.878326, 70.937765, 70.940541, 70.709473, 70.776206, 70.609739, 70.826042, 70.920792, 71.021569, 71.021879, 71.217618, 71.247590, 71.436035, 71.626960, 87.502534, 84.567352, 92.364390, 89.180022, 84.918180, 84.901774, 84.153937, 86.260416, 85.212620, 95.584791, 89.512650, 84.999055, 90.459144, 90.129073, 80.186522, 77.967542, 87.509882, 87.860852, 65.829005, 65.735377, 65.805359, 66.009418, 65.948259, 84.495502, 89.132688, 65.865471, 98.993278, 96.565805, 66.282440, 66.436612, 66.637755, 66.450295, 66.770623, 66.947176, 67.179119, 69.824957, 67.900615, 68.009988, 68.187280, 68.586484, 68.561500, 68.820458, 68.782687, 68.993131, 69.305312, 69.868017, 70.160631, 70.549228, 70.757650, 15.000000, 
0.000000, 0.000000, 0.000000, 0.000000, 0.000000, 0.000000, 0.000000, 0.000000, 0.000000, 0.000000, 0.000000, 0.899746, 0.991158, 1.498812, 1.451028, 1.601250, 1.846621, 1.923184, 2.120473, 2.021910, 2.095241, 2.107217, 2.112230, 2.054601, 2.054205, 2.104247, 2.183669, 2.229182, 2.201487, 2.218621, 2.159758, 2.009405, 2.016679, 2.112632, 2.226696, 2.358996, 2.418242, 2.671357, 2.297200, 2.260320, 2.114105, 2.187087, 2.100294, 2.154093, 2.147858, 2.170529, 2.204830, 2.338988, 2.398200, 2.418106, 2.377706, 2.578029, 2.634250, 2.320765, 2.347637, 2.157413, 2.066497, 2.041028, 2.047568, 1.864434, 1.511308, 0.720790, 0.000000, 0.000000, 0.000000, 0.000000, 0.000000, 0.000000, 0.000000, 0.000000, 0.000000, 0.000000, 0.000000, 0.000000, 121.000000, 121.000000, 121.000000, 121.000000, 121.000000, 121.000000, 121.000000, 121.000000, 121.000000, 121.000000, 122.000000, 121.951440, 121.912025, 121.889869, 121.955390, 122.229370, 122.289050, 122.391404, 122.484117, 122.417776, 122.642365, 122.706654, 122.799438, 122.875652, 123.010187, 123.107981, 123.314412, 123.630777, 123.922774, 123.958959, 123.947671, 124.051082, 123.949143, 123.935655, 124.035147, 123.960708, 124.013003, 124.039676, 124.308128, 124.409252, 124.464910, 124.597883, 124.740094, 124.800117, 124.650909, 124.483483, 124.321315, 124.376830, 124.606375, 124.588389, 124.695324, 124.696125, 124.524456, 124.374815, 124.345951, 124.394798, 124.503637, 124.508514, 124.868435, 124.916215, 124.815343, 124.906634, 125.000000, 125.000000, 125.000000, 125.000000, 125.000000, 125.000000, 125.000000, 125.000000, 125.000000, 125.000000, 125.000000, 125.000000, 16.000000, 
87.729035, 87.779344, 87.759702, 87.495303, 87.788386, 87.779310, 87.524384, 87.397178, 87.466274, 87.405623, 87.598156, 87.532650, 87.569024, 87.870704, 87.746718, 87.795683, 87.918286, 87.935795, 88.109270, 88.053829, 88.099047, 88.235253, 88.288830, 88.526845, 88.526797, 88.599878, 88.663985, 88.563001, 88.536823, 88.530431, 88.296824, 88.251570, 88.639710, 88.558754, 80.356544, 85.297901, 85.106274, 84.915563, 82.405877, 61.543892, 61.745783, 61.886668, 61.796174, 61.782786, 61.795470, 61.728667, 61.881401, 61.745322, 61.771346, 61.706261, 61.836974, 61.895053, 62.116014, 62.255939, 62.329104, 62.263972, 62.539752, 62.464433, 62.255795, 62.185989, 62.250901, 62.081734, 62.056283, 61.990534, 61.975962, 62.124143, 62.047177, 61.902653, 61.814440, 61.971632, 61.995646, 61.971146, 62.044095, 73.789050, 77.680858, 73.741412, 62.558401, 76.338075, 17.000000, 
41.683875, 34.502196, 34.058138, 39.686162, 47.643607, 46.363850, 18.000000, 
53.067402, 61.806252, 60.316248, 55.702613, 57.271878, 53.529184, 74.811663, 52.243097, 55.947106, 56.735359, 50.647181, 50.586989, 52.333623, 55.444691, 49.549564, 55.198927, 53.277050, 55.705293, 53.769140, 55.295903, 53.089878, 53.073516, 55.121655, 59.739713, 54.468227, 69.013688, 52.220102, 54.922843, 55.986398, 51.847262, 68.879275, 62.463116, 63.309333, 66.045779, 63.004871, 57.613156, 58.600658, 49.768049, 52.872237, 55.982019, 48.742572, 52.948646, 54.020316, 54.020793, 48.024020, 53.544821, 49.161891, 69.100533, 47.870794, 69.109883, 47.678531, 47.876225, 47.231694, 47.082582, 47.016029, 47.353273, 52.045752, 68.254348, 68.376723, 47.347532, 51.079962, 55.489094, 51.048400, 47.361909, 71.122020, 67.491712, 72.138284, 47.709542, 53.088838, 52.254874, 57.120285, 49.559898, 52.960262, 50.357792, 47.124467, 50.123026, 50.727159, 44.185781, 62.725084, 39.046722, 45.918717, 46.052039, 51.502885, 56.916286, 46.425199, 46.619982, 74.233663, 74.087838, 46.672317, 46.809341, 46.612753, 46.675592, 46.592271, 46.723661, 50.115122, 50.299584, 47.095037, 50.203839, 52.499935, 50.259232, 47.046241, 46.199280, 51.341221, 52.283759, 47.322961, 47.184509, 47.972136, 48.031290, 47.554702, 54.424360, 48.728021, 47.405543, 58.192998, 48.702034, 52.793844, 47.693180, 52.368464, 53.640382, 57.309065, 48.715141, 48.524547, 48.935794, 48.872839, 49.101809, 51.104980, 49.009407, 49.188862, 48.214901, 50.828783, 55.794072, 49.132058, 56.731419, 49.193320, 49.142644, 49.810774, 49.846575, 59.741477, 49.966786, 82.989619, 49.870596, 49.757451, 80.572483, 49.773985, 47.828145, 51.201870, 51.428235, 51.436548, 59.068002, 58.019607, 53.474623, 47.153579, 103.168341, 100.282852, 88.723168, 101.098250, 99.702828, 102.720310, 80.125623, 103.231058, 99.843501, 101.929388, 100.058591, 98.813813, 102.745850, 98.897411, 106.280143, 98.030217, 101.283813, 99.051310, 101.630386, 98.837383, 88.302659, 98.811760, 100.046350, 100.496541, 102.882348, 107.341256, 103.486614, 99.946708, 106.563699, 104.094948, 108.107099, 82.036143, 95.232931, 90.702875, 86.131420, 91.255168, 82.745087, 101.185847, 104.031077, 104.000364, 78.714238, 98.907899, 101.296540, 102.101407, 79.253356, 105.088549, 104.031289, 110.828078, 78.413942, 110.976559, 78.629251, 78.895842, 78.517564, 78.869093, 78.744556, 78.856262, 104.498812, 84.699629, 84.381003, 78.755807, 99.264549, 99.956512, 102.194490, 79.505473, 71.579629, 72.274963, 63.503434, 78.463664, 102.063434, 99.148999, 78.927676, 99.071640, 100.006935, 102.812204, 78.602248, 102.670969, 104.406611, 55.961084, 72.966097, 81.977988, 78.718713, 78.831069, 85.579767, 97.970113, 101.062772, 78.822604, 96.200147, 99.548889, 78.128132, 78.416268, 78.387973, 78.776369, 78.803685, 78.962707, 104.925958, 104.891633, 78.244135, 98.157439, 103.502789, 101.621673, 77.033550, 101.926647, 103.855368, 102.879348, 76.185008, 76.144234, 76.526785, 76.168027, 76.040416, 94.279674, 99.293094, 76.129026, 101.135473, 96.866121, 103.760312, 76.336059, 104.019314, 104.352330, 66.639392, 76.696614, 76.638475, 76.746679, 77.066224, 76.906855, 97.542636, 102.496559, 77.264532, 103.940770, 100.157570, 98.927810, 77.253162, 105.935595, 77.276512, 77.194772, 77.195079, 77.320051, 81.207314, 77.359487, 69.432095, 76.998312, 77.757956, 68.882137, 77.744978, 86.791959, 88.802110, 87.647732, 88.151336, 90.547575, 90.992047, 90.317789, 84.205018, 19.000000, 
84.135915, 76.204090, 82.014314, 91.059257, 81.393952, 72.733811, 65.039761, 71.816450, 40.016909, 38.480904, 31.950313, 31.159111, 20.914468, 31.746610, 29.111470, 25.322657, 20.000000, 
54.046443, 51.504473, 51.526492, 55.065989, 58.675087, 57.918741, 21.000000, 
31.952001, 36.942863, 39.933504, 6.961028, 2.310217, 10.978799, 22.000000, 
21.181019, 11.955834, 15.013912, 14.821890, 16.992893, 17.767886, 18.684024, 9.029473, 23.000000, 
93.060525, 98.677241, 105.361065, 40.789935, 30.243235, 31.159842, 24.000000, 
19.156498, 20.906889, 17.273378, 20.461813, 20.106742, 32.224604, 17.090836, 16.871473, 21.245649, 15.262908, 17.338240, 19.136443, 20.129963, 20.770156, 17.908748, 22.593440, 16.481183, 22.045822, 19.956504, 18.400220, 19.916093, 16.588975, 20.395907, 17.172201, 19.949956, 16.496558, 22.986274, 24.089257, 21.249242, 18.641584, 24.388768, 16.057825, 22.895131, 17.149131, 19.812805, 21.504109, 21.610526, 26.203172, 18.488743, 23.758514, 18.290958, 17.155922, 17.542809, 20.561663, 17.759790, 19.862403, 15.877191, 26.582531, 21.261543, 25.435862, 21.611398, 21.179945, 16.686939, 21.010556, 20.009812, 24.065808, 22.274433, 21.389999, 25.019160, 22.881589, 26.981858, 15.619076, 23.063220, 17.340765, 15.210747, 16.852323, 19.734216, 14.343983, 17.038892, 10.979958, 17.553268, 11.618789, 0.000000, 9.267196, 5.921696, 3.842825, 19.864262, 19.958781, 23.175143, 16.120172, 19.895838, 20.218515, 21.858263, 21.588515, 21.902557, 24.194296, 21.713135, 23.195204, 23.017598, 27.321180, 21.727508, 20.987775, 21.960095, 21.932808, 18.123825, 21.181246, 20.641654, 17.748787, 21.881184, 10.425195, 20.878477, 16.929616, 20.607739, 24.292538, 23.912422, 20.997585, 21.037183, 23.395949, 21.231170, 21.024960, 19.500156, 19.749122, 21.077898, 21.479212, 41.501836, 47.964186, 44.180469, 43.152898, 23.222199, 21.823828, 19.446953, 12.118609, 10.343982, 24.691200, 53.150501, 51.759771, 20.373718, 51.059480, 16.180235, 52.110736, 48.543960, 50.189458, 54.714130, 52.765917, 45.916525, 49.988588, 13.592298, 47.341414, 47.915367, 13.224519, 13.473860, 13.352959, 13.450910, 13.198121, 13.467233, 17.964599, 12.673308, 13.506438, 13.630237, 19.235122, 19.818846, 13.114423, 19.784518, 24.314758, 23.501704, 24.069351, 22.003329, 18.391597, 18.839300, 19.827558, 20.198623, 20.010186, 17.418016, 21.833877, 18.538221, 19.363716, 19.343189, 19.321560, 15.678705, 30.510364, 26.880124, 19.474503, 19.777665, 19.642468, 19.492690, 44.820724, 19.274062, 40.349879, 36.077909, 36.463129, 36.901406, 37.079165, 37.493807, 38.059185, 38.302852, 38.599970, 38.991839, 39.263771, 39.229061, 39.391595, 39.463084, 114.031873, 111.018048, 111.895562, 108.197199, 113.053038, 111.012160, 115.311347, 113.193855, 112.492069, 114.867358, 110.604464, 111.140079, 115.490432, 115.844954, 110.925246, 109.632012, 116.020397, 113.910039, 109.654774, 115.945358, 112.307378, 114.466777, 110.396950, 112.370124, 112.170978, 107.929615, 106.969848, 113.083239, 116.736713, 109.499147, 110.599848, 114.465519, 107.021413, 116.021179, 114.619024, 110.691001, 114.395121, 115.100400, 116.247337, 117.891762, 112.037946, 107.939512, 109.647299, 113.629229, 114.009299, 110.958852, 115.393341, 111.828234, 109.860734, 108.775788, 116.661115, 117.062681, 120.313511, 117.937675, 115.817520, 117.895991, 112.969516, 114.430551, 120.021962, 108.977605, 116.137886, 119.262588, 116.319468, 114.037243, 111.747632, 121.680762, 117.035498, 123.140192, 116.027793, 107.404495, 113.126956, 99.730390, 93.000000, 98.796032, 105.225763, 107.022908, 108.280065, 109.153585, 116.376480, 111.802010, 114.765862, 115.143451, 114.857693, 114.124740, 114.395849, 113.993363, 113.950708, 116.319667, 112.476112, 115.639665, 113.880985, 112.950414, 113.953361, 114.508392, 111.131892, 113.061943, 111.322215, 111.175068, 111.408546, 109.916498, 110.683653, 113.837057, 110.465330, 116.439174, 114.810157, 115.436294, 114.409164, 111.166381, 113.497963, 114.463266, 109.329216, 109.638738, 113.727491, 108.751923, 111.424532, 109.142830, 102.097371, 101.551389, 96.343927, 90.960734, 93.129012, 91.401123, 98.932347, 95.175090, 103.859344, 100.896971, 115.687621, 100.162156, 111.113924, 101.766169, 101.710626, 100.886797, 102.983953, 102.194821, 103.743538, 103.480774, 106.942503, 103.266782, 101.040827, 106.946051, 106.857294, 106.720268, 106.441403, 106.283926, 106.512417, 109.191086, 98.987658, 106.015461, 106.054510, 113.958102, 108.522683, 105.549718, 115.093356, 109.896412, 115.853732, 113.613738, 113.856915, 113.921353, 114.111827, 115.731872, 114.567817, 114.901255, 111.548645, 109.618570, 119.510533, 115.826942, 114.945454, 114.924413, 113.605276, 112.312504, 116.376213, 114.732932, 114.497298, 114.439035, 114.489905, 116.288402, 114.436558, 116.136320, 107.635416, 107.897123, 107.832131, 107.721012, 107.459055, 107.753293, 107.924061, 108.149097, 108.194485, 108.437362, 108.505493, 108.900420, 108.874033, 25.000000, 
14.050456, 28.601435, 29.157499, 26.766267, 21.688658, 18.838365, 18.204432, 12.541987, 8.149249, 16.931957, 23.838904, 26.876872, 31.233255, 40.992618, 50.092899, 54.149907, 44.765479, 41.687091, 43.110014, 46.947095, 57.963690, 60.031456, 64.557266, 58.904524, 26.465318, 29.171741, 28.640626, 21.514086, 21.633353, 17.833610, 31.656843, 34.361942, 30.498226, 30.034844, 18.054625, 22.442623, 29.544347, 21.539148, 27.032060, 17.442376, 10.674219, 7.310529, 12.600276, 19.119245, 17.897862, 11.039385, 15.102839, 2.480328, 26.000000, 
39.898336, 36.128489, 27.998161, 17.535829, 25.632043, 18.055092, 22.223693, 15.590573, 27.000000, 
83.064505, 69.990847, 81.599709, 76.624179, 65.941403, 61.828623, 62.129896, 55.961959, 67.138465, 77.099223, 81.914275, 76.064969, 24.328518, 30.096991, 30.819966, 22.350371, 26.779464, 22.635356, 29.058532, 16.038142, 19.192383, 26.424100, 24.444265, 27.080876, 28.000000, 
112.989651, 110.741479, 114.982130, 114.695336, 37.130053, 24.311705, 26.346823, 34.895033, 29.000000, 
96.158251, 84.198078, 81.653751, 70.035268, 73.044793, 79.683298, 90.800811, 98.181465, 99.323178, 91.326895, 94.995261, 82.980443, 81.632735, 76.348030, 77.072444, 71.344418, 81.980700, 73.968611, 30.000000, 
31.103962, 36.582309, 34.738780, 29.548912, 36.839820, 28.263981, 31.293590, 27.634200, 27.990123, 30.507859, 32.413622, 34.773364, 34.770413, 32.320790, 27.360642, 30.233804, 33.391379, 30.542849, 31.659347, 27.076324, 30.840997, 33.005733, 28.444219, 31.652467, 32.911912, 35.929322, 26.704959, 31.551232, 31.870965, 34.711118, 31.977906, 34.895582, 36.336607, 33.154355, 30.665255, 30.085893, 30.148223, 30.167528, 30.213365, 30.278920, 30.199520, 30.185421, 30.213443, 30.217500, 30.482246, 30.638821, 30.414656, 30.487225, 30.438921, 30.460060, 30.415233, 30.429192, 30.301354, 30.431892, 30.223324, 30.333532, 30.330761, 30.259171, 30.277752, 30.358435, 30.485947, 30.547898, 30.491072, 30.600735, 30.468567, 30.334635, 30.522046, 30.424894, 30.375130, 30.335113, 30.221424, 30.436089, 30.442521, 30.320850, 30.415036, 30.662908, 30.736357, 30.919991, 30.896500, 30.924557, 30.754064, 30.825914, 30.883073, 30.967443, 31.019660, 31.072923, 31.121507, 31.150447, 31.169877, 31.262758, 31.500331, 31.502833, 31.679391, 31.640194, 31.713573, 31.779584, 31.865924, 31.877155, 31.984567, 31.944488, 31.840725, 31.920376, 31.859783, 31.830115, 31.849024, 31.929945, 33.333746, 31.997733, 31.900832, 31.966318, 31.953698, 32.014739, 31.929869, 32.007988, 32.123903, 32.355833, 32.377310, 32.526140, 32.697761, 32.676432, 32.583761, 32.600289, 32.529243, 32.509941, 32.382143, 32.536618, 32.388093, 32.210241, 32.171094, 32.116298, 32.136389, 32.153055, 32.193180, 32.306525, 32.317559, 32.319233, 32.522846, 32.443094, 32.565469, 32.478203, 32.581204, 32.738763, 32.781731, 32.883736, 32.938290, 32.778469, 32.766655, 32.804025, 32.759417, 32.827230, 32.935509, 32.923290, 32.986296, 32.861073, 32.770535, 32.776397, 32.839407, 32.895756, 32.923661, 32.935656, 33.096544, 32.987929, 32.976450, 33.014020, 38.762588, 32.899498, 32.908889, 29.916208, 32.942345, 26.076929, 32.960922, 32.905979, 32.915071, 32.956921, 33.039348, 32.962967, 33.110218, 33.053227, 21.740426, 124.446520, 110.554754, 110.083434, 124.114041, 113.764830, 121.074192, 120.858601, 119.350319, 120.013329, 118.633319, 116.612089, 114.895346, 117.300783, 120.845515, 114.379481, 112.986074, 119.237047, 115.338404, 118.669024, 116.676162, 118.268348, 116.058466, 115.180991, 113.800728, 118.121105, 114.783902, 119.290394, 119.303994, 115.985953, 114.763028, 121.827877, 118.226733, 115.898357, 110.343443, 109.023647, 116.979293, 116.901985, 116.798774, 116.796922, 116.796164, 116.854696, 116.800701, 116.645989, 116.663798, 116.533439, 116.523815, 116.584664, 116.501309, 116.470989, 116.538061, 116.533089, 116.486963, 116.493078, 116.642889, 116.572307, 116.737229, 116.774316, 116.809086, 116.670198, 116.768976, 116.651813, 116.590791, 116.580008, 116.635717, 116.656777, 116.624386, 116.515974, 116.665457, 116.403354, 116.304745, 116.214758, 116.139021, 116.110030, 116.116974, 116.113592, 116.087851, 116.179745, 116.185256, 116.159902, 116.213586, 116.206824, 116.152763, 116.168515, 116.037521, 116.001241, 115.932596, 115.885358, 115.787843, 115.780591, 115.881638, 115.778346, 115.828365, 115.780177, 115.757490, 115.524245, 115.640288, 115.648649, 115.678504, 115.782460, 115.855725, 115.819333, 115.767357, 115.978551, 116.085604, 116.148399, 116.201447, 119.191701, 116.214339, 116.217983, 116.228363, 116.199736, 116.358027, 116.392911, 116.415778, 116.446667, 116.467339, 116.420011, 116.435388, 116.375507, 116.449875, 116.531339, 116.403003, 116.476708, 116.550593, 116.507237, 116.431352, 116.772494, 116.742998, 116.884881, 117.016965, 116.971715, 117.080926, 117.108676, 117.086531, 117.095109, 117.140194, 117.352702, 117.290703, 117.419372, 117.457866, 117.683623, 117.634791, 117.802220, 117.814035, 117.912419, 117.933313, 117.927137, 117.990971, 118.115261, 118.256166, 118.207608, 118.317604, 118.246386, 118.405716, 118.317591, 118.558295, 118.573482, 118.733716, 118.785929, 118.805678, 118.819118, 118.973604, 118.928650, 118.937267, 109.069426, 118.957936, 118.957662, 118.179126, 119.002452, 117.461745, 119.020199, 119.071253, 118.977889, 119.147932, 119.084195, 118.980855, 118.983208, 119.054690, 118.604585, 31.000000, 
56.588120, 62.000000, 8.546732, 0.000000, 32.000000, 
38.864158, 39.507384, 41.133584, 48.019952, 38.455368, 4.027466, 8.502958, 9.206897, 6.060853, 10.311228, 33.000000, 
10.275433, 8.012680, 2.880061, 7.122695, 57.021890, 53.273974, 66.903741, 60.314483, 34.000000, 
16.662826, 14.582709, 26.375086, 41.000744, 35.000000, 
82.714003, 95.048997, 97.695392, 107.689586, 108.023602, 111.853879, 115.654942, 111.951128, 112.401185, 110.985935, 108.483064, 113.078267, 110.643892, 110.232901, 114.789582, 103.539606, 106.101493, 109.218592, 113.358842, 112.912838, 107.146913, 107.851267, 109.477813, 98.968316, 99.988730, 99.025868, 106.315950, 106.010191, 113.000000, 110.487049, 108.895988, 110.232472, 106.999171, 107.762185, 112.893156, 109.083578, 107.066108, 113.944520, 110.962590, 111.504900, 106.498019, 106.782456, 106.815051, 113.699288, 108.390835, 114.379705, 105.908349, 112.194392, 121.690518, 13.052596, 21.289254, 13.921621, 13.140002, 15.058020, 10.335272, 5.479317, 8.440523, 10.798263, 13.056744, 8.807212, 11.848601, 12.296446, 9.187422, 2.271170, 7.944962, 8.211128, 10.054075, 13.074881, 14.491345, 16.692787, 8.917176, 3.546866, 11.040801, 20.590337, 14.368255, 18.861065, 12.078357, 0.000000, 9.021202, 9.362530, 10.449901, 9.101078, 14.038402, 14.102657, 10.919694, 8.123849, 7.858811, 10.499052, 8.628145, 12.965701, 14.115593, 12.945070, 15.783893, 15.075671, 14.774685, 13.797128, 11.708700, 10.035493, 36.000000, 
115.029799, 107.525706, 96.323782, 96.992200, 97.492781, 32.601429, 33.015326, 29.156036, 30.283956, 24.488396, 37.000000, 
74.265592, 74.598637, 22.968073, 28.301582, 38.000000, 
28.295523, 18.135418, 25.202898, 21.777402, 27.190313, 32.711052, 37.088007, 41.966729, 42.747538, 38.146888, 6.883223, 6.072327, 10.240541, 24.139466, 23.049841, 8.586520, 11.093827, 3.908773, 9.186165, 4.610249, 39.000000, 
69.297265, 75.047369, 78.236244, 85.675229, 78.001294, 82.083253, 15.047397, 27.053659, 25.647836, 13.130930, 18.662347, 23.354479, 40.000000, 
97.766549, 91.954155, 92.934770, 100.360836, 91.942919, 83.015322, 93.036374, 88.052858, 86.601636, 91.215712, 85.478865, 78.823012, 77.042675, 82.169072, 71.864989, 83.922114, 89.539138, 90.945434, 65.032356, 64.941524, 65.039484, 65.102098, 65.156438, 65.286154, 65.424449, 65.598912, 65.615467, 65.827961, 65.973787, 66.009192, 65.964894, 66.008959, 66.117908, 66.160193, 66.371880, 66.449460, 66.734051, 61.299746, 67.088513, 67.335803, 67.246222, 67.519469, 67.652452, 54.787471, 67.930420, 68.021611, 68.162014, 68.229341, 68.268458, 65.160803, 59.376292, 71.443995, 59.589599, 74.487716, 75.225897, 44.930556, 79.313636, 18.128611, 20.197391, 22.866758, 28.157059, 28.228493, 33.962356, 44.163695, 48.766246, 51.606265, 57.989277, 62.822444, 61.955920, 53.364048, 42.337963, 60.512836, 46.015658, 44.485307, 45.886266, 35.063436, 35.096106, 35.112835, 34.978720, 35.051900, 35.074666, 35.141737, 34.930134, 34.919672, 34.765866, 34.528762, 34.291222, 34.124107, 34.069322, 33.902040, 33.866338, 33.705677, 33.497811, 33.506899, 25.097773, 33.331124, 33.295395, 33.118630, 33.114239, 33.010930, 17.589189, 32.888627, 32.848506, 32.699502, 32.516575, 32.497269, 19.418829, 15.939452, 7.950200, 23.190946, 21.568748, 11.076279, 30.340331, 12.353129, 41.000000, 
17.856100, 20.145468, 34.101546, 21.331886, 42.000000, 
82.260486, 80.307839, 82.452340, 82.004816, 84.379488, 80.763280, 81.556184, 81.104801, 80.618656, 83.197898, 83.507005, 86.000000, 84.844044, 85.246064, 81.164700, 81.845651, 83.382025, 86.204775, 82.322563, 80.520351, 78.259627, 82.303572, 82.041979, 86.787906, 86.367388, 85.580907, 83.643341, 85.235028, 81.060485, 85.473385, 86.699463, 84.302535, 88.855710, 87.082644, 87.186046, 88.976906, 87.812206, 82.913634, 84.314890, 82.804769, 81.221041, 84.191755, 80.906621, 86.143154, 81.208360, 78.045255, 80.244153, 82.859989, 81.007546, 83.836132, 84.073602, 82.168166, 87.213235, 82.000000, 82.000000, 86.556372, 87.876404, 82.000000, 82.000000, 82.000000, 80.635460, 81.319742, 82.000000, 82.000000, 82.000000, 82.000000, 82.000000, 82.000000, 82.000000, 83.000000, 83.000000, 82.000000, 82.000000, 82.000000, 82.000000, 88.432328, 82.000000, 81.000000, 82.000000, 82.000000, 82.000000, 81.000000, 81.000000, 81.000000, 82.000000, 82.000000, 82.000000, 82.000000, 82.000000, 82.000000, 82.000000, 82.000000, 84.018942, 82.000000, 83.834054, 82.000000, 81.000000, 81.000000, 82.000000, 82.000000, 81.000000, 82.000000, 98.262372, 82.000000, 85.388735, 86.929596, 86.298988, 87.044207, 83.395661, 86.890159, 88.067572, 89.522530, 86.348685, 87.500095, 84.136584, 99.077656, 86.054474, 98.931179, 87.311519, 98.996411, 89.531488, 99.008679, 84.291197, 85.387857, 86.455807, 85.850653, 82.079197, 84.871823, 100.356512, 84.749032, 98.138338, 86.072762, 86.774244, 86.241643, 85.722125, 88.652306, 85.127603, 80.182919, 84.813144, 81.091348, 80.531499, 83.627235, 83.890625, 85.970793, 83.676062, 82.045438, 82.854235, 79.123911, 84.414243, 83.693926, 82.194428, 80.113207, 80.817886, 80.331724, 78.746122, 76.892952, 72.007991, 79.650394, 71.168094, 79.877316, 80.431724, 5.186596, 5.969140, 4.115131, 2.146610, 2.927932, 8.310939, 5.109934, 5.837832, 4.484047, 4.135502, 8.798233, 0.000000, 0.837792, 7.876676, 2.970910, 5.967391, 7.255583, 5.229278, 12.904832, 1.501601, 5.501650, 6.216625, 4.382962, 4.196639, 5.703077, 6.166462, 7.535638, 7.830199, 6.990298, 4.794985, 8.113783, 6.818732, 6.918769, 12.029597, 6.101960, 4.597690, 8.020923, 6.366346, 6.001015, 8.791279, 3.044469, 4.957957, 4.841045, 3.164401, 8.168278, 7.696711, 10.609334, 7.668698, 6.371985, 6.173051, 7.293483, 4.112296, 6.293217, 0.000000, 0.000000, 5.058620, 2.885142, 0.000000, 0.000000, 0.000000, 5.866071, 2.897303, 0.000000, 0.000000, 0.000000, 0.000000, 0.000000, 0.000000, 0.000000, 0.000000, 0.000000, 0.000000, 0.000000, 0.000000, 0.000000, 12.628452, 0.000000, 0.000000, 0.000000, 0.000000, 0.000000, 0.000000, 0.000000, 0.000000, 0.000000, 0.000000, 0.000000, 0.000000, 0.000000, 0.000000, 0.000000, 0.000000, 11.493788, 0.000000, 12.372362, 0.000000, 0.000000, 0.000000, 0.000000, 0.000000, 0.000000, 0.000000, 1.404393, 0.000000, 9.086873, 8.226442, 5.113183, 5.554143, 11.668953, 7.015027, 9.255812, 8.018792, 7.612616, 10.455731, 7.984857, 22.094053, 7.478923, 25.339623, 3.592153, 29.049842, 9.448799, 27.691978, 6.885841, 10.465936, 6.516913, 8.013838, 10.311435, 6.206457, 32.093932, 6.708597, 19.859196, 11.653623, 7.427609, 7.967845, 4.851657, 6.292521, 4.131244, 2.893932, 2.958354, 3.671836, 6.242252, 6.056565, 6.865046, 6.330676, 8.432300, 4.104609, 9.964656, 5.646715, 6.224679, 5.829893, 5.044959, 6.888852, 6.093214, 9.097135, 12.568951, 9.769428, 23.352467, 11.149622, 31.580331, 11.938255, 9.985776, 43.000000, 
51.278033, 41.474937, 46.287825, 51.085748, 12.322855, 13.034350, 2.350694, 1.877715, 44.000000, 
27.461489, 18.769167, 20.716586, 13.062017, 45.000000, 
102.102966, 101.997425, 93.555296, 96.498686, 94.318639, 99.007141, 97.465386, 101.023546, 92.660481, 94.361994, 85.180107, 60.697923, 56.962945, 44.571477, 43.877727, 42.395928, 48.079140, 43.024034, 50.205799, 52.890434, 50.152389, 50.549587, 46.000000, 
53.695167, 59.497898, 50.740520, 56.024401, 57.203136, 56.753329, 63.490283, 51.492900, 22.978721, 18.696628, 7.814115, 6.862937, 7.980415, 9.499244, 9.496886, 1.931887, 47.000000, 
13.764724, 6.822000, 28.654242, 22.947274, 48.000000, 
7.437004, 5.348164, 5.738259, 6.823044, 0.581198, 9.356778, 8.616895, 53.499811, 58.699114, 51.786076, 55.919113, 62.064640, 66.537369, 74.194225, 49.000000, 
20.004587, 17.713517, 12.998892, 17.594644, 15.151888, 3.686620, 7.409738, 7.252569, 31.672156, 40.317749, 51.846128, 44.108776, 38.296568, 47.164561, 41.258946, 38.244232, 50.000000, 
90.138586, 78.599545, 90.828177, 94.990984, 94.944920, 95.002033, 94.953034, 94.913581, 94.980223, 94.972410, 94.945832, 94.920713, 94.963437, 94.910045, 94.995125, 94.927878, 94.956359, 95.012835, 94.990190, 94.971591, 95.039563, 94.992851, 94.966203, 94.901861, 94.833531, 94.711101, 94.808827, 94.849418, 94.892204, 94.624232, 94.694280, 94.706101, 94.844118, 94.868303, 94.921164, 94.802476, 94.918641, 94.951051, 94.912835, 94.830293, 94.918709, 94.853908, 94.875927, 94.919007, 100.556511, 28.013915, 32.516887, 25.901176, 24.936321, 24.870779, 24.862068, 24.908274, 24.909044, 24.924545, 24.882111, 24.925803, 24.883208, 24.850526, 24.937419, 24.910735, 25.020725, 24.928478, 24.901362, 25.017222, 24.870592, 24.945421, 24.925381, 24.808081, 24.848807, 24.867183, 24.983821, 24.864424, 24.946926, 24.797862, 24.821880, 24.775768, 24.727766, 24.757800, 24.863336, 24.775796, 24.798444, 24.708787, 24.760416, 24.832903, 24.791857, 24.704948, 24.756571, 24.771788, 24.799799, 31.985222, 51.000000, 
96.446380, 89.849891, 91.499508, 94.738043, 82.942192, 86.941485, 86.998672, 87.037062, 87.074369, 93.499593, 87.063177, 86.461221, 79.241842, 87.240758, 87.212679, 87.327908, 65.846953, 82.576278, 83.367615, 88.883206, 77.833697, 81.020983, 78.382074, 74.837412, 74.861713, 78.177478, 78.224312, 78.235115, 78.313987, 67.445125, 78.303440, 58.826015, 58.678969, 78.379085, 78.239765, 78.404388, 64.695177, 80.106831, 85.926587, 83.024550, 52.000000, 
62.992807, 53.202356, 63.276004, 57.625469, 48.918437, 56.761465, 49.112054, 45.939683, 57.534682, 58.831071, 15.143524, 8.054426, 6.236309, 13.036918, 8.805873, 14.886658, 18.828904, 20.243805, 14.730297, 11.094477, 53.000000, 
6.869303, 14.935559, 7.518410, 9.893132, 17.282455, 21.466549, 18.844737, 14.501908, 15.765469, 15.989507, 11.786669, 22.499624, 16.546912, 14.708129, 13.360429, 13.605205, 14.239525, 14.613025, 16.083737, 13.139324, 12.042773, 15.949752, 14.949965, 21.006165, 21.433707, 18.975920, 10.209866, 17.608186, 18.344706, 19.231102, 19.059852, 18.024382, 15.826521, 12.951222, 14.574886, 16.036681, 10.874864, 10.000834, 10.624577, 11.124623, 10.855034, 10.384396, 17.724170, 14.068453, 21.726267, 22.706850, 20.572644, 13.126886, 10.000650, 11.356251, 12.709073, 14.769011, 15.730348, 27.951785, 15.751794, 23.544856, 28.409496, 9.964293, 11.010943, 22.083427, 21.661173, 12.817346, 19.486903, 11.773368, 14.746727, 15.710825, 12.551567, 7.117322, 11.696169, 15.727575, 13.101476, 9.955318, 16.705662, 14.100723, 12.504043, 14.521500, 21.398141, 13.581489, 12.867078, 15.561475, 11.499526, 17.391147, 14.248624, 9.116616, 8.680039, 8.058909, 4.068984, 8.724968, 13.072651, 9.502395, 13.923018, 8.993347, 11.765753, 11.699741, 11.905003, 16.822970, 20.443337, 12.302573, 11.498261, 12.616293, 17.514072, 9.137817, 17.054688, 16.704480, 16.466300, 15.530581, 16.809307, 14.466404, 12.927248, 15.144759, 20.546679, 21.660000, 12.962442, 27.950372, 35.700541, 29.992305, 20.602933, 12.432787, 13.496115, 19.981223, 15.490181, 20.699210, 19.617583, 15.900047, 15.854775, 19.733819, 15.894195, 8.795478, 19.977549, 18.050215, 22.803292, 24.332425, 37.299808, 47.431662, 12.985111, 48.182912, 12.892557, 7.927632, 13.256886, 12.456078, 13.428017, 12.293080, 11.989394, 57.307828, 62.448364, 74.043869, 72.142778, 81.104441, 75.593314, 77.799378, 81.691572, 78.669870, 78.603758, 78.751289, 73.622558, 80.979526, 78.485697, 79.895970, 82.443577, 83.588442, 80.961128, 84.776788, 80.357656, 76.852545, 80.050385, 79.721412, 85.701269, 86.750964, 89.964384, 85.264962, 86.699100, 85.155702, 88.040577, 88.784836, 83.811513, 88.454897, 84.703960, 81.959138, 76.032901, 80.826547, 85.998293, 86.448970, 86.908655, 87.076658, 83.078588, 88.641008, 91.030497, 104.054774, 94.282401, 88.943510, 88.992594, 90.883539, 86.206887, 90.539426, 92.010614, 94.081579, 87.838583, 83.836754, 92.989231, 85.138336, 98.681118, 91.638841, 84.275947, 86.886229, 91.350989, 92.610997, 91.685416, 92.465847, 90.683400, 94.296584, 93.938240, 90.132102, 97.324246, 92.810473, 90.663260, 110.042613, 87.636582, 107.289105, 92.629509, 106.622247, 91.383094, 107.202640, 90.441314, 88.568443, 83.480601, 93.260997, 90.694973, 94.086613, 93.021814, 97.836646, 92.937293, 90.157344, 96.365418, 92.677136, 96.681640, 94.992566, 95.467055, 93.027356, 96.913322, 91.805553, 91.863132, 94.052306, 92.669522, 93.256981, 93.810168, 88.374359, 89.135270, 94.415830, 88.917626, 94.760823, 93.912787, 99.831605, 87.726314, 102.952850, 88.950166, 105.926746, 81.777177, 82.332870, 79.545241, 103.223331, 105.456491, 100.493468, 87.600295, 88.148769, 103.219863, 89.811064, 89.689399, 88.061192, 88.031449, 88.913405, 85.281955, 99.449859, 90.877113, 90.298488, 90.793998, 91.493252, 87.114133, 103.275384, 80.402962, 103.040149, 101.519457, 102.665398, 103.086644, 92.970075, 102.966517, 100.448989, 54.000000, 
17.768146, 19.376125, 16.773891, 22.166409, 16.837835, 7.987648, 18.440691, 8.480379, 8.252922, 18.932690, 19.973824, 16.403372, 55.000000, 
0.000000, 7.046760, 11.193827, 13.989095, 17.883368, 16.088252, 13.080811, 91.000000, 83.481659, 83.317217, 82.912687, 87.082601, 87.677306, 83.118063, 56.000000, 
87.170025, 91.971646, 53.988638, 55.895608, 57.000000, 
21.399743, 15.146989, 12.142422, 26.534953, 20.464178, 18.986326, 58.000000, 
48.017951, 62.388638, 56.369221, 52.070803, 50.949271, 48.842518, 25.530852, 26.371348, 21.969927, 12.840371, 20.160968, 6.948435, 59.000000, 
96.922433, 104.522400, 50.162679, 61.774115, 60.000000, 
116.231517, 120.014009, 116.407414, 116.340894, 114.349022, 119.907948, 116.320388, 117.027904, 111.096323, 114.785090, 114.931756, 116.095622, 117.868934, 115.790749, 118.033094, 118.242183, 112.495188, 123.228112, 123.572340, 115.651226, 124.450443, 125.248376, 122.868969, 121.958212, 118.000000, 126.303111, 119.000000, 126.000000, 119.631031, 116.607748, 116.565137, 116.932390, 118.546703, 111.613223, 119.410496, 119.337112, 121.516965, 125.120436, 121.652985, 126.148121, 125.494854, 122.546064, 127.000000, 113.120334, 122.508347, 113.181712, 112.820562, 117.802495, 115.773847, 108.979266, 116.077123, 118.050703, 93.829639, 118.096105, 88.103376, 90.083248, 94.528373, 115.947643, 85.711199, 88.768718, 124.238291, 121.563832, 120.237055, 118.459077, 121.048032, 120.450803, 120.092954, 122.234663, 118.153078, 115.833320, 116.231566, 118.003687, 114.933447, 118.625167, 116.775356, 115.830327, 118.115931, 107.143937, 111.333348, 107.061367, 124.770499, 121.996567, 125.072743, 121.624070, 127.000000, 123.933724, 127.000000, 127.000000, 100.622988, 103.303432, 108.759113, 100.898993, 105.525972, 110.489911, 112.223139, 109.028031, 125.551030, 121.012248, 122.973623, 124.748341, 125.866637, 124.714092, 127.000000, 101.864598, 95.370559, 99.216565, 106.134829, 107.592268, 107.324852, 80.948094, 81.933799, 102.319811, 75.058491, 105.349872, 63.507147, 65.111773, 57.834709, 106.673671, 63.772198, 66.967543, 61.000000, 
85.177363, 78.750533, 64.861937, 65.011259, 62.000000, 
123.915977, 120.051379, 66.083894, 58.561162, 63.000000, 
38.131346, 48.958383, 38.578375, 46.479102, 48.659856, 45.088006, 49.363270, 23.229786, 27.860475, 18.213730, 17.320023, 16.968429, 5.367711, 7.345236, 64.000000, 
97.625349, 90.886555, 93.833696, 94.773703, 103.614092, 98.783903, 97.627615, 91.695293, 94.535033, 89.328020, 87.156935, 87.944923, 100.489993, 85.996304, 85.077513, 81.555280, 69.188617, 77.162248, 68.253745, 74.972145, 78.142831, 86.679617, 88.902482, 94.824841, 94.835637, 94.866930, 94.928958, 96.434149, 94.885066, 94.779215, 94.814564, 94.880351, 94.989452, 94.965771, 94.976869, 94.990127, 95.099257, 95.072917, 95.216974, 95.256463, 95.306522, 95.242971, 95.300496, 95.313430, 95.314013, 95.388361, 95.386052, 95.341752, 95.445936, 95.423360, 95.362672, 95.361334, 95.299841, 95.370274, 95.282417, 95.311192, 95.439017, 95.515036, 95.393381, 95.484972, 95.383746, 95.390660, 95.321842, 95.201382, 95.252402, 95.255390, 95.481361, 95.578394, 102.409881, 99.866468, 97.197345, 98.811706, 98.199794, 101.771719, 102.147653, 91.947851, 96.153891, 92.502837, 85.627276, 49.186458, 51.074673, 42.882364, 51.114693, 51.179816, 48.243015, 48.942657, 52.170120, 35.999887, 61.056154, 58.894772, 46.746214, 62.012823, 49.889745, 56.594104, 49.018435, 50.108021, 43.979962, 50.832591, 46.660157, 45.243302, 33.020499, 26.578172, 24.575398, 24.607030, 24.405710, 24.599337, 25.236665, 24.658325, 24.689896, 24.573479, 24.623011, 24.498569, 24.757034, 24.701122, 24.722753, 24.544717, 24.549225, 24.277563, 24.376026, 24.416564, 24.498183, 24.462036, 24.483421, 24.464106, 24.473257, 24.488914, 24.540416, 24.463320, 24.529330, 24.519130, 24.518950, 24.498402, 24.519785, 24.491163, 24.393383, 24.463719, 24.341698, 24.363750, 24.447779, 24.397535, 24.409652, 24.367481, 24.302017, 24.351376, 24.200783, 24.384785, 24.299337, 22.895840, 18.991985, 24.034156, 29.413817, 25.859828, 26.026777, 38.054831, 35.858502, 28.996768, 28.814605, 32.783729, 65.000000, 
100.226909, 89.492867, 78.199706, 78.098194, 78.047355, 78.042864, 78.019464, 78.047104, 83.168638, 77.916146, 74.297414, 82.154008, 77.674349, 92.072395, 84.000000, 71.169044, 77.569990, 74.918254, 77.590279, 78.222500, 79.381590, 82.074836, 113.866134, 109.562913, 115.172244, 115.025395, 114.938145, 115.030679, 114.958527, 114.981345, 117.749019, 114.940608, 107.842760, 116.728385, 114.883000, 116.873352, 127.000000, 120.806516, 114.757978, 121.591799, 114.811787, 119.340827, 124.102284, 117.631439, 66.000000, 
109.818523, 103.617196, 91.719925, 91.789160, 91.826769, 89.973896, 100.906898, 104.383515, 103.422022, 102.987375, 87.178423, 77.571261, 82.974383, 75.181044, 79.672195, 80.077405, 72.393113, 75.308638, 73.991895, 80.236385, 67.000000, 
0.000000, 0.000000, 0.000000, 0.000000, 0.000000, 0.000000, 0.000000, 0.000000, 0.000000, 0.000000, 0.000000, 0.000000, 1.000000, 0.000000, 0.000000, 0.000000, 0.000000, 0.000000, 0.000000, 0.000000, 0.000000, 0.000000, 0.000000, 0.000000, 0.000000, 0.000000, 125.000000, 125.000000, 125.000000, 125.000000, 125.000000, 125.000000, 125.000000, 125.000000, 126.000000, 126.000000, 127.000000, 127.000000, 127.000000, 127.000000, 127.000000, 127.000000, 127.000000, 127.000000, 127.000000, 127.000000, 127.000000, 127.000000, 127.000000, 127.000000, 127.000000, 127.000000, 68.000000, 
28.969087, 41.904631, 38.040786, 43.049715, 25.809996, 31.908136, 36.937106, 22.982646, 69.000000, 
113.315826, 103.546746, 108.129926, 107.493461, 94.870748, 101.753222, 94.219726, 99.939070, 108.876815, 111.684105, 114.940069, 112.430211, 111.461079, 110.061849, 113.159532, 107.131131, 111.304042, 112.761011, 117.582461, 109.047054, 112.024763, 115.001907, 110.704749, 111.273403, 110.141494, 114.507139, 114.331507, 110.527153, 103.836205, 106.783574, 112.616080, 114.094515, 119.779417, 125.448376, 51.222612, 51.009560, 47.901870, 49.605398, 44.138236, 45.895558, 40.083700, 37.120606, 41.076562, 35.726350, 28.009039, 35.320528, 34.506660, 34.567293, 36.598166, 34.499274, 31.041267, 32.924502, 30.938882, 33.951025, 38.262778, 35.799904, 33.911009, 34.228403, 33.857349, 31.132312, 23.412374, 23.550557, 29.572499, 28.609527, 18.824063, 21.796839, 16.106726, 21.968892, 70.000000, 
119.652180, 111.791445, 105.927417, 115.228096, 72.090179, 83.443696, 89.133479, 88.059776, 71.000000, 
59.117264, 59.273751, 59.748894, 67.906303, 72.000000, 
71.850321, 70.136872, 59.664962, 64.900959, 73.000000, 
88.782316, 85.727431, 78.398257, 84.874769, 76.712644, 77.989628, 79.630201, 84.938036, 80.896426, 85.681099, 78.229735, 73.799332, 69.872260, 77.114396, 78.072369, 76.146207, 73.035549, 79.984247, 76.970013, 82.484627, 85.752176, 96.202093, 74.000000, 
85.179667, 88.278896, 95.943902, 87.839320, 95.993762, 91.056917, 97.869802, 101.970648, 99.457366, 92.019319, 90.041769, 92.818104, 96.194542, 91.896293, 81.172824, 87.123030, 100.071510, 97.069647, 93.686109, 94.286808, 99.442758, 88.798062, 78.607978, 76.409266, 76.422182, 78.849045, 85.407758, 90.878861, 96.135426, 105.180981, 104.503758, 109.009056, 113.899283, 82.843720, 112.021612, 92.438861, 81.954836, 110.710852, 103.088856, 95.510204, 93.870051, 95.288501, 75.000000, 
71.744562, 70.004462, 73.860000, 62.061195, 70.833377, 70.403977, 75.988969, 78.490106, 84.889024, 66.609520, 88.097118, 87.892303, 84.182758, 31.270943, 45.904136, 35.246673, 33.768478, 26.460516, 33.012073, 36.325040, 37.853984, 32.156244, 36.951306, 11.019556, 49.562226, 41.923835, 76.000000, 
43.867197, 52.058088, 55.011620, 53.618922, 12.168163, 13.124814, 22.201462, 30.110730, 77.000000, 
23.829857, 15.196834, 16.539635, 21.979437, 23.088903, 22.550956, 21.785027, 18.957731, 96.131640, 95.044037, 97.248316, 107.249605, 99.953930, 106.133362, 113.718648, 113.769147, 78.000000, 
74.344891, 84.414998, 96.824266, 99.163819, 104.862542, 90.619442, 86.268313, 84.995879, 78.596178, 74.774395, 69.933354, 70.602245, 69.957833, 60.169610, 66.395730, 74.034574, 65.900556, 65.044923, 64.274427, 65.778545, 63.088932, 58.765349, 61.001155, 63.841545, 70.625098, 67.962933, 61.084067, 60.096735, 53.736537, 53.540532, 56.842729, 50.041599, 51.284329, 54.593576, 55.896175, 58.935866, 58.043880, 57.163863, 52.771199, 40.112220, 79.000000, 
83.421733, 76.987826, 76.784568, 85.269938, 52.443935, 54.299685, 57.089401, 50.865170, 80.000000, 
41.949205, 39.137076, 44.256960, 47.207573, 50.135170, 10.323653, 6.696700, 8.206434, 11.710536, 3.855083, 81.000000, 
111.911946, 123.824352, 114.955180, 57.852148, 65.910029, 54.852227, 82.000000, 
83.708315, 84.700833, 73.434052, 78.111548, 84.804914, 86.025471, 71.679054, 77.900899, 75.168718, 74.477890, 66.079882, 61.470686, 83.000000, 
51.496033, 40.702467, 36.934663, 23.933935, 26.193613, 35.521014, 38.143789, 27.562806, 37.490135, 29.647517, 23.436226, 35.841620, 37.459765, 41.146317, 84.000000, 
106.658997, 112.349311, 103.285405, 103.104491, 96.370023, 99.012782, 94.919173, 89.744480, 98.574057, 95.727987, 83.868175, 83.276708, 84.523960, 86.805860, 81.649019, 76.567437, 74.703656, 72.229592, 67.875735, 63.007845, 74.273275, 45.127506, 56.859325, 55.148200, 55.739245, 50.876157, 57.238952, 54.350689, 45.030207, 50.519222, 47.205067, 49.586028, 51.215912, 48.852875, 85.000000, 
85.460227, 78.742857, 88.476442, 78.930931, 77.805814, 77.668464, 77.772820, 77.626367, 76.455747, 69.836937, 79.880279, 77.697179, 77.610054, 90.940370, 86.552916, 84.210484, 81.776221, 79.929485, 77.124048, 77.039126, 77.060758, 77.040330, 77.070533, 76.900520, 77.040205, 77.122565, 77.162329, 77.158258, 77.300181, 77.174517, 77.256474, 77.313580, 77.232788, 77.307425, 77.242878, 77.092054, 77.211671, 77.108964, 77.254368, 77.187592, 77.202024, 77.303307, 77.127888, 77.099783, 77.048930, 76.865960, 77.013961, 70.192030, 69.944012, 78.218573, 70.864057, 68.881207, 61.206949, 57.163731, 53.430593, 58.239465, 68.727607, 76.365064, 62.953449, 76.433283, 60.367445, 60.175300, 73.971981, 81.961901, 78.521391, 71.379574, 81.850437, 70.813506, 71.791265, 59.998018, 79.292770, 56.076771, 81.511884, 53.831629, 81.656367, 61.103097, 67.156250, 75.091285, 60.567386, 84.911625, 67.504117, 76.158807, 45.809736, 76.222668, 51.766360, 76.338589, 51.730981, 76.087731, 64.829664, 90.024810, 76.335059, 70.523930, 63.543441, 66.892588, 87.009925, 57.149011, 76.288537, 64.540307, 83.644475, 60.169646, 81.419632, 99.853761, 103.738148, 104.411892, 112.222602, 114.660553, 114.648088, 114.504479, 114.748864, 109.977897, 105.748896, 110.395016, 114.851442, 114.749715, 102.941551, 97.704419, 99.989373, 94.033059, 103.814941, 114.970646, 114.916778, 114.784835, 114.881265, 114.862096, 114.809316, 114.571783, 114.794693, 114.788845, 114.746240, 114.809115, 114.881210, 114.905894, 115.022924, 114.851210, 114.951545, 114.898705, 114.848428, 114.894015, 114.916974, 114.926530, 115.029309, 115.003983, 114.978391, 115.110325, 115.094948, 115.167227, 115.049027, 115.026062, 107.778705, 117.115749, 107.021535, 112.331284, 102.839885, 104.622210, 97.768249, 102.572379, 103.515755, 94.049250, 115.035786, 94.149783, 115.077330, 93.676091, 104.703748, 101.017811, 106.889445, 92.651154, 88.085451, 115.134071, 86.262715, 107.879934, 87.307473, 106.920783, 87.726324, 116.291771, 91.533705, 118.344988, 85.796160, 83.198200, 88.775398, 85.625111, 116.348562, 82.317474, 115.131184, 76.171711, 115.072588, 95.457483, 115.414206, 93.006238, 115.528178, 85.615072, 119.459220, 80.278545, 92.922898, 86.821949, 85.890154, 117.829093, 87.603621, 115.263568, 87.977788, 118.348341, 88.488693, 120.102914, 86.000000, 
105.333022, 95.226220, 12.474816, 16.456596, 87.000000, 
122.850248, 127.000000, 123.617179, 124.629457, 115.682697, 127.000000, 104.914856, 109.988458, 96.236028, 101.086832, 108.203517, 118.462762, 116.312865, 114.709958, 115.922681, 116.005841, 115.042141, 113.511785, 122.915534, 115.149043, 106.785277, 109.787153, 106.153840, 109.960605, 110.171593, 108.729515, 114.002629, 117.682246, 111.448138, 115.009058, 115.049333, 111.716054, 111.000381, 112.962061, 110.246106, 112.407428, 111.068939, 123.104549, 113.705253, 113.762023, 114.297507, 115.355019, 109.755771, 112.777370, 109.904897, 116.251965, 120.584948, 117.666931, 122.917492, 119.277052, 115.634725, 117.538372, 116.676697, 114.441861, 122.433036, 115.728120, 122.780520, 122.418734, 122.434916, 120.276091, 109.941039, 114.620790, 116.667579, 109.340165, 122.519120, 122.528221, 122.212498, 122.241255, 122.115397, 122.382546, 98.249496, 122.417970, 122.599166, 98.341481, 122.889288, 98.265231, 112.071964, 98.301419, 98.492825, 98.368891, 98.195689, 107.466849, 101.562229, 99.732463, 107.606673, 112.857897, 113.651887, 111.981904, 100.415356, 102.836204, 102.969278, 105.059743, 110.428846, 103.767980, 106.017256, 102.645046, 104.288483, 107.240287, 103.357861, 108.219318, 20.560609, 20.000000, 22.042977, 19.860297, 14.216995, 28.000000, 5.261972, 17.062013, 15.129170, 25.118024, 21.668622, 17.106947, 17.918224, 13.768479, 15.617801, 15.554407, 13.780909, 14.978495, 23.086331, 16.314620, 31.884541, 12.110159, 33.525973, 16.203829, 12.380644, 14.221551, 14.885816, 14.800354, 16.097938, 16.695438, 15.941886, 14.942333, 17.916226, 14.909452, 17.957929, 21.169989, 22.037653, 23.850849, 17.890519, 30.675065, 13.910622, 14.032974, 16.246564, 13.109009, 17.643533, 21.050576, 18.618309, 12.557841, 16.430049, 16.900812, 17.622309, 15.584436, 18.963478, 21.492195, 20.613140, 20.717693, 23.511434, 23.319664, 23.259423, 17.260183, 29.912577, 20.484520, 10.026489, 15.478437, 23.051408, 22.927495, 23.013297, 22.967762, 22.882863, 23.125055, 27.135868, 22.947552, 22.607107, 26.874765, 22.208809, 26.779408, 29.982450, 26.924381, 26.888576, 26.863818, 25.864948, 26.491279, 19.938768, 23.132226, 34.863256, 28.987928, 29.112383, 25.021471, 20.524677, 23.079543, 19.731625, 21.293814, 25.016439, 20.920416, 20.163329, 21.152434, 21.705989, 22.083767, 26.085526, 37.042146, 88.000000, 
116.000021, 108.739528, 105.195784, 103.068297, 5.794177, 6.096310, 2.392735, 3.078607, 89.000000, 
100.488884, 92.675660, 83.478120, 77.991083, 80.727010, 84.070595, 90.867783, 90.517119, 89.638126, 100.615272, 97.773144, 73.516031, 62.746550, 56.501962, 61.138376, 67.147283, 70.964087, 64.046882, 63.553802, 61.304110, 66.405557, 57.218740, 90.000000, 
48.358979, 53.242786, 57.786801, 47.162357, 53.193509, 53.735019, 52.002071, 57.949312, 91.000000, 
44.613072, 46.049995, 44.876045, 43.614840, 51.432517, 52.016546, 48.368122, 46.493045, 43.306111, 47.257112, 44.549600, 46.528485, 43.963749, 47.193698, 50.044050, 46.930230, 48.715075, 47.840502, 45.073124, 48.216191, 47.154208, 44.900758, 46.463696, 46.194818, 50.994035, 48.840105, 48.681183, 47.088854, 48.900157, 47.001566, 46.997346, 51.600464, 53.482737, 50.041640, 47.922214, 45.896871, 45.935036, 46.167290, 51.924390, 47.100968, 47.090762, 10.773338, 8.043559, 15.085044, 10.828479, 14.066531, 7.840992, 10.408696, 12.574583, 8.038464, 7.884395, 7.977726, 7.177306, 7.874640, 8.131877, 9.822624, 7.705074, 8.548213, 6.306002, 11.833771, 9.208858, 9.630493, 6.295093, 5.076709, 3.629395, 7.802045, 8.610254, 10.074054, 7.781285, 8.754823, 8.793211, 7.697414, 6.493695, 9.427262, 4.605458, 12.135069, 7.383547, 8.661973, 5.804062, 5.507873, 3.621902, 9.019708, 92.000000, 
86.199324, 82.778703, 89.224484, 86.245096, 98.909381, 88.363809, 93.000000, 
44.000583, 43.828395, 39.137329, 33.806618, 38.178890, 46.156341, 38.031087, 39.757584, 28.938616, 29.322772, 28.842175, 34.993169, 36.381756, 38.984814, 41.247078, 33.185311, 94.000000, 
106.890683, 104.611529, 106.695516, 104.853029, 63.110801, 54.922816, 68.824035, 70.569335, 95.000000, 
55.730438, 54.445048, 56.854374, 55.887211, 59.714413, 63.905517, 51.575227, 58.521646, 114.859098, 108.632768, 112.655866, 107.960956, 110.975296, 118.650924, 115.023323, 121.967658, 96.000000, 
79.570083, 74.472677, 80.862591, 73.359008, 75.937959, 75.415115, 87.454425, 94.316662, 77.972854, 64.393044, 66.084264, 68.850488, 57.028331, 63.270926, 68.026940, 63.794601, 97.000000, 
122.063120, 121.655717, 121.031766, 123.869391, 120.949629, 119.794120, 117.315825, 120.937795, 120.625487, 118.924602, 118.334370, 119.501675, 118.187107, 120.095459, 118.065888, 119.850450, 116.043528, 117.352745, 120.018126, 116.837675, 122.602727, 124.023244, 123.641047, 120.694500, 124.540150, 124.912221, 120.038744, 124.461107, 123.734220, 122.808612, 118.938639, 113.757852, 127.000000, 121.761144, 122.004463, 118.475550, 119.093676, 113.053477, 118.946777, 113.529079, 111.784289, 102.777118, 120.627618, 116.104395, 117.523144, 96.166978, 118.489689, 85.010713, 88.809487, 113.183506, 117.923212, 101.193607, 108.315638, 95.492553, 123.268225, 100.411524, 90.281936, 85.859862, 121.381292, 116.032773, 114.348728, 101.125367, 90.463701, 99.202232, 106.352601, 71.170933, 72.071669, 72.172309, 74.591408, 67.733419, 61.450535, 66.919580, 69.006374, 64.822833, 66.027243, 74.261375, 68.654080, 64.508283, 69.519177, 66.061296, 66.486347, 71.741254, 67.825030, 68.263074, 70.992224, 71.168382, 67.179102, 68.900110, 65.365221, 69.823691, 66.632949, 69.086742, 64.146141, 67.957413, 67.457551, 69.208873, 69.069201, 74.000000, 70.778319, 72.124553, 68.008978, 70.879002, 70.222597, 66.080793, 74.901477, 59.163366, 57.948205, 71.932553, 66.851701, 73.408572, 50.656522, 67.770507, 57.240981, 59.558249, 72.136873, 70.887489, 52.089900, 55.824278, 61.811924, 71.999757, 51.218314, 49.084592, 48.495932, 74.724600, 75.667394, 74.018696, 68.796726, 75.463716, 83.051009, 74.123567, 98.000000, 
68.989039, 75.518387, 87.619248, 94.950394, 63.713141, 60.706295, 54.815051, 64.038859, 99.000000, 
86.208947, 92.373882, 81.996290, 85.490426, 83.140809, 83.094575, 78.915235, 77.269940, 76.607761, 84.709544, 78.679665, 81.338921, 79.431539, 78.721638, 76.767417, 87.855154, 76.438327, 79.943368, 72.124488, 84.148788, 89.076373, 97.969194, 75.487144, 81.490775, 79.688367, 84.865060, 81.654789, 88.548670, 89.458277, 83.174240, 74.923191, 80.013711, 80.630927, 79.944963, 90.723155, 80.623239, 83.274308, 73.933451, 78.856006, 77.533046, 80.892640, 76.013740, 81.380891, 74.260115, 84.946197, 75.974045, 76.492395, 84.472654, 90.346145, 99.527087, 104.541778, 105.758383, 105.921073, 106.190726, 104.175950, 101.670858, 102.662377, 75.461701, 78.280661, 100.932034, 74.583657, 104.728985, 75.566397, 77.151498, 79.400329, 77.725852, 76.606993, 73.725544, 82.926590, 79.385207, 77.883305, 84.785558, 84.024226, 36.964480, 47.094283, 44.975503, 48.044035, 52.234602, 46.831373, 44.024186, 46.239614, 43.407275, 46.780881, 44.975729, 49.178349, 50.885409, 47.710782, 49.785693, 46.806324, 46.474899, 44.854940, 44.400327, 40.564686, 34.212255, 42.153416, 47.246817, 49.599314, 49.172182, 48.162305, 51.385110, 46.231461, 39.594055, 46.952536, 49.508461, 46.115368, 50.081786, 52.356049, 58.108488, 54.180194, 56.149030, 59.098588, 45.748858, 49.590521, 48.801986, 48.861082, 49.517250, 51.428772, 53.075553, 52.103564, 48.787912, 48.487649, 35.395347, 44.404401, 42.035945, 31.602226, 27.262644, 31.198611, 25.384304, 25.705061, 30.177539, 49.552527, 51.672639, 42.022406, 51.026525, 21.937867, 47.236897, 46.264521, 49.235295, 47.794464, 50.119279, 51.746929, 41.044050, 29.432185, 45.309558, 33.758219, 41.921136, 100.000000, 
76.871189, 74.555017, 84.867255, 72.469778, 68.140837, 67.659060, 78.141384, 93.209899, 98.857559, 98.209536, 102.292934, 105.802870, 104.755834, 103.133060, 101.000000, 
109.527681, 123.179931, 119.444348, 118.923472, 107.409712, 108.321157, 116.113513, 105.957478, 108.998484, 104.552236, 115.554695, 103.999013, 94.039418, 93.958415, 96.068646, 92.124560, 92.122281, 97.303955, 92.618926, 98.513518, 88.222860, 94.486422, 85.289226, 79.624811, 72.018397, 79.389213, 82.981943, 97.367313, 102.000000, 
70.938721, 72.590159, 69.707433, 72.197061, 68.038395, 74.784432, 69.392271, 62.939858, 64.003560, 60.952405, 56.644350, 49.518707, 42.681196, 39.338569, 103.000000, 
78.837521, 74.923608, 66.215638, 70.472832, 59.880387, 79.807500, 85.730029, 90.205514, 96.022498, 90.555262, 104.000000, 
36.803869, 33.333459, 31.107067, 35.026466, 20.952882, 28.137732, 34.971492, 35.869377, 105.000000, 
102.264482, 109.511594, 80.402325, 81.632148, 106.000000, 
79.011708, 69.590012, 78.790808, 76.854787, 88.093040, 90.512858, 91.577880, 99.201097, 107.000000, 
96.165994, 102.808633, 91.403501, 101.502495, 108.000000, 
124.630035, 111.873282, 102.035765, 107.138739, 107.935319, 101.833081, 101.662212, 100.471608, 104.715131, 106.872100, 109.941500, 113.051180, 123.991616, 113.142816, 109.313095, 103.016043, 110.344298, 101.217858, 109.000000, 
92.146271, 88.154128, 116.777617, 105.963799, 110.000000, 
97.931836, 99.587525, 91.973588, 85.887762, 63.000581, 61.071485, 68.237977, 72.922918, 111.000000, 
99.186017, 98.888499, 64.088192, 61.180694, 112.000000, 
31.808890, 44.050755, 47.698972, 45.526964, 46.002122, 54.124481, 49.838215, 41.900520, 94.974561, 90.057826, 94.212343, 90.239537, 90.484988, 89.373822, 84.844630, 91.999046, 113.000000, 
87.262792, 94.235390, 98.431125, 105.432830, 106.992936, 110.673696, 103.488704, 106.520541, 102.477502, 102.048968, 99.183645, 109.099189, 114.000000, 
124.268496, 119.955274, 118.877544, 127.000000, 102.119013, 102.314616, 103.572288, 100.000000, 115.000000, 
85.324346, 95.969345, 90.108585, 95.730552, 116.000000, 
21.077040, 17.232461, 18.749341, 25.266556, 16.052688, 21.594818, 11.402228, 12.405072, 18.381766, 16.219816, 21.385332, 15.553953, 20.108366, 16.069350, 18.329061, 17.156797, 14.920805, 12.982311, 12.991831, 10.538677, 8.360291, 10.951550, 20.551613, 12.044012, 17.096668, 16.235747, 17.830752, 14.960841, 15.909155, 24.004014, 19.455175, 18.548437, 17.696903, 16.258221, 13.404163, 16.942626, 18.953447, 23.268634, 17.461108, 18.612594, 16.577398, 16.024738, 13.494243, 15.561540, 19.202630, 20.155329, 15.250759, 13.096258, 18.183756, 16.573133, 19.181705, 16.912152, 21.867014, 22.997316, 17.680973, 22.011495, 17.074292, 11.311094, 8.265944, 6.226790, 15.504560, 14.658674, 5.978175, 5.135550, 10.808794, 12.171772, 12.904947, 12.419470, 10.948638, 15.116892, 12.977272, 16.973614, 13.510549, 10.467811, 8.964517, 10.521655, 15.176728, 8.788205, 9.909622, 11.154115, 5.418755, 8.912748, 5.643072, 15.654458, 12.107733, 13.000622, 17.051068, 18.129566, 18.184787, 7.657490, 9.796278, 9.709385, 11.380377, 9.711309, 4.129115, 5.119326, 3.887637, 7.874657, 8.585357, 17.439441, 8.527699, 11.978308, 7.807715, 12.864227, 14.978880, 14.908353, 11.675251, 6.191034, 12.974066, 9.920781, 13.735067, 9.945661, 117.000000, 
5.638722, 8.451730, 17.968123, 20.889795, 20.702034, 20.599738, 20.636411, 20.465477, 20.567277, 20.510004, 20.500361, 20.453535, 20.351749, 20.329924, 20.464924, 20.311734, 20.243464, 20.335306, 20.448144, 20.468133, 20.473345, 20.682341, 28.676682, 30.343666, 81.414497, 89.049629, 90.109522, 102.730607, 102.765984, 102.887270, 102.796179, 102.966655, 102.809983, 102.818082, 102.831790, 102.903931, 102.914394, 102.908570, 102.873386, 102.802626, 102.908562, 102.982963, 102.984427, 102.793102, 102.931728, 102.966751, 96.992023, 99.140394, 118.000000, 
34.694744, 38.828066, 42.227968, 67.978253, 80.098277, 75.034714, 119.000000, 
77.949562, 63.932459, 69.556045, 80.181911, 81.366760, 57.729683, 66.508826, 55.680401, 92.381002, 92.051042, 89.502673, 47.696458, 62.692507, 57.703450, 60.224987, 57.558299, 67.751337, 53.693699, 67.015881, 63.908674, 52.423185, 61.600483, 37.118992, 53.079906, 28.575542, 20.891990, 19.805357, 9.097791, 16.020703, 95.057336, 98.941853, 95.485431, 98.960234, 100.048951, 96.958381, 92.643293, 94.281975, 95.502673, 101.510426, 106.448015, 97.102710, 85.224421, 88.043361, 78.279760, 83.987328, 81.098456, 90.790725, 85.432935, 87.112959, 98.225036, 90.052117, 87.106340, 101.702075, 92.389714, 92.125853, 89.538575, 96.860585, 95.027216, 120.000000, 
79.768267, 82.372008, 92.185487, 63.644124, 55.464506, 44.896227, 121.000000, 
91.951829, 101.597750, 103.066986, 96.971158, 104.164357, 108.694819, 101.796836, 112.728507, 114.963557, 116.613592, 115.025364, 116.951553, 115.484228, 114.009997, 118.811419, 118.363711, 116.114361, 113.843358, 112.016054, 115.526465, 120.432964, 122.671594, 122.875405, 122.952053, 123.130708, 122.770819, 122.588042, 122.489347, 122.646401, 122.720161, 122.854087, 122.847442, 122.897479, 122.921278, 122.608696, 122.831411, 122.903507, 122.600068, 122.218681, 122.133131, 122.114649, 122.048914, 122.128089, 122.123977, 122.261646, 35.416633, 31.656491, 29.609671, 48.623621, 18.243535, 57.086595, 21.107861, 22.427749, 22.729487, 24.847188, 25.170518, 26.212188, 21.875330, 19.020344, 21.045582, 25.903157, 23.134743, 21.229952, 14.134277, 15.377428, 16.079931, 22.361247, 22.414061, 22.519251, 22.415475, 22.643883, 22.416474, 22.477902, 22.189079, 22.238976, 21.973515, 22.100284, 22.031797, 21.909419, 21.999910, 22.019784, 21.926890, 21.749552, 21.822839, 21.768206, 21.946144, 22.020362, 22.017005, 21.944773, 22.016559, 122.000000, 
44.011094, 41.541563, 103.579438, 94.294180, 123.000000, 
97.158911, 93.760401, 90.270448, 84.579566, 124.000000, 
74.345345, 73.127037, 71.045109, 75.927554, 70.113507, 75.607643, 93.810854, 88.876689, 82.109381, 82.853437, 82.121357, 79.420885, 125.000000, 
29.962554, 27.814475, 36.232090, 41.074594, 49.657583, 54.359460, 50.056685, 38.962458, 40.192565, 34.709352, 33.695986, 25.855018, 15.785112, 16.135869, 19.103467, 22.257830, 23.313939, 14.870001, 16.127438, 12.534887, 15.999410, 80.389699, 78.393229, 85.045059, 83.271830, 77.943417, 74.724451, 86.100389, 94.081718, 87.675660, 92.026302, 93.708725, 88.168902, 89.211107, 89.287728, 85.909909, 83.012324, 88.784240, 83.263549, 84.105548, 87.657453, 86.022527, 126.000000, 
32.097095, 44.129553, 36.639402, 37.006011, 43.869147, 40.988591, 54.913255, 46.823417, 48.816393, 42.556448, 43.718141, 48.967700, 52.136955, 49.492759, 48.416605, 52.033864, 39.216227, 20.045825, 25.220787, 30.546031, 28.267936, 25.079222, 16.692792, 20.911464, 22.052155, 21.882175, 12.100271, 25.864365, 28.312153, 27.641565, 29.210852, 21.477382, 21.623947, 26.329126, 127.000000, 
114.063404, 120.921023, 120.826805, 121.909773, 120.904484, 122.990517, 120.880801, 124.016820, 115.736650, 121.823367, 119.051749, 127.000000, 114.559632, 123.059663, 120.894939, 121.322565, 121.986088, 119.115485, 120.917209, 101.979933, 95.092009, 118.995286, 89.127463, 87.013804, 123.285299, 84.286847, 82.236925, 119.712804, 74.879410, 123.087737, 118.736630, 54.621929, 61.601557, 64.977996, 66.989478, 69.096607, 67.997510, 72.930616, 68.869315, 68.807166, 68.906294, 70.938686, 75.000000, 72.325868, 67.915844, 70.000971, 75.018119, 72.133356, 71.770179, 72.182954, 75.389953, 88.050490, 75.284910, 85.523787, 75.233607, 70.906377, 76.023416, 80.237776, 72.550446, 71.645887, 68.833228, 74.702382, 128.000000, 
102.742496, 96.089996, 98.511732, 86.239428, 87.529758, 92.002728, 92.995295, 98.826616, 108.246472, 103.390400, 109.055704, 53.651912, 52.379933, 51.163645, 55.241302, 50.660736, 63.831221, 62.525057, 58.329881, 52.738925, 55.025601, 63.841533, 129.000000, 
80.817843, 85.604212, 73.276339, 74.061618, 63.042170, 61.260533, 66.163098, 64.261037, 54.031296, 61.693031, 53.121355, 50.030512, 40.201627, 46.377500, 52.678206, 49.030876, 51.022173, 55.649735, 43.070686, 34.335221, 83.855738, 86.726701, 93.769461, 96.597899, 96.632478, 104.120895, 106.013290, 115.209702, 105.416991, 106.102932, 102.946674, 102.572131, 106.842974, 106.772509, 87.882998, 100.103799, 93.156210, 94.990282, 89.748708, 88.591643, 130.000000, 
116.947664, 120.583535, 115.026493, 116.406137, 122.099649, 118.369333, 119.400747, 117.016508, 115.640818, 121.596319, 118.057292, 121.368034, 127.000000, 123.765549, 114.498396, 116.086458, 112.053682, 112.258763, 111.894307, 113.077923, 109.208274, 110.818974, 114.005521, 111.390308, 115.753433, 105.466846, 109.995722, 106.368573, 109.437035, 113.246883, 108.859301, 108.519849, 113.690079, 106.616666, 115.771333, 114.179077, 115.000000, 109.308086, 111.915834, 111.932833, 113.646571, 111.018120, 109.859427, 109.351152, 107.918827, 111.526058, 110.931674, 109.136211, 131.000000, 
37.042728, 26.287941, 75.032670, 79.901967, 132.000000, 
88.098517, 88.224892, 98.626784, 98.723283, 98.618849, 98.369136, 98.786730, 98.587763, 98.763150, 98.747001, 98.827908, 98.697852, 98.954826, 98.968315, 99.320917, 99.363774, 99.387940, 99.449950, 99.245434, 99.060572, 99.098657, 38.149792, 26.274809, 26.767217, 26.417683, 26.089728, 25.982471, 25.808373, 25.716035, 24.832225, 25.597905, 25.873274, 25.863887, 25.710425, 25.609881, 25.781174, 25.768711, 25.415418, 25.313580, 25.074124, 24.889347, 24.677899, 133.000000, 
47.976492, 49.152312, 50.541748, 48.307219, 47.461370, 44.381393, 102.002220, 93.490752, 95.653336, 96.221457, 88.620917, 89.435336, 134.000000, 
91.958098, 88.907781, 75.872055, 77.296704, 79.723559, 77.816813, 66.347167, 79.937564, 79.049575, 84.367847, 86.326976, 83.213345, 88.198842, 81.040734, 135.000000, 
40.979470, 39.908877, 88.957340, 86.336143, 136.000000, 
26.712621, 21.898019, 20.579560, 18.874304, 16.556180, 11.957667, 21.380382, 7.104894, 19.868813, 20.897472, 22.395560, 38.889907, 49.983058, 37.815602, 42.208309, 55.661139, 39.017060, 74.487549, 84.059278, 88.056525, 89.215237, 86.711638, 86.980708, 87.729543, 87.084531, 86.947516, 92.231850, 84.890256, 95.036896, 91.797111, 83.784557, 87.443419, 80.875068, 51.257449, 137.000000, 
39.698832, 49.502740, 70.020762, 64.660807, 138.000000, 
94.913334, 102.046625, 102.309857, 108.846538, 101.961961, 55.332777, 60.127097, 47.292933, 59.995894, 61.721558, 139.000000, 
45.628082, 58.732320, 55.095700, 58.577699, 69.489462, 55.820213, 67.622058, 65.936306, 74.075851, 63.115055, 61.154622, 66.217090, 140.000000, 
94.484922, 87.997917, 79.232263, 83.353870, 82.522050, 78.115099, 85.968563, 85.908114, 76.564340, 78.004423, 83.721667, 78.489386, 46.351952, 45.773077, 44.775895, 48.341932, 47.440631, 46.868119, 45.162259, 49.099544, 48.884119, 47.082910, 42.851547, 47.898314, 141.000000, 
115.853081, 121.131053, 53.089878, 64.744121, 142.000000, 
111.889074, 116.801181, 113.388834, 52.332492, 53.875170, 57.081951, 143.000000, 
72.436017, 82.204183, 89.087743, 27.244385, 35.033650, 39.939856, 144.000000, 
56.614192, 61.795647, 107.594142, 108.671433, 145.000000, 
113.077241, 116.529345, 119.526366, 113.894211, 93.038645, 96.460974, 86.458563, 94.964763, 146.000000, 
