44.309348,47.352918,49.754707,47.393838,51.431012,51.056749,56.98933,57.334818,56.180236,67.840703,61.013505,60.181399,57.87588,61.033467,54.282441,58.284799,57.216251,59.884353,60.126483,57.109469,54.697687,54.763126,58.775368,63.026046,57.01025,63.928582,57.66249,64.028737,58.873555,63.809817,66.78318,72.988509,108.483139,112.100644,107.010245,94.912535,94.443542,88.62139,86.070687,90.772036,93.362874,95.015239,90.663169,95.396251,96.688174,104.046647,97.824577,90.833497,86.812913,79.968518,84.888042,85.07542,79.051882,75.40727,82.496556,82.02722,79.494743,79.219402,80.507256,89.003662,90.334484,95.938011,91.970455,84.112678,0,0,0,0,0,0,0,0,0,0,0,0,0,0,0,0,0,0,0,0,0,0,0,0,0,0,0,0,0,0,0,0,10,10,10,10,10,10,10,10,10,10,10,10,10,10,10,10,10,10,10,10,10,10,10,10,10,10,10,10,10,10,10,10,0,0,0,0,0,0,0,0,0,0,0,0,0,0,0,0,0,0,0,0,0,0,0,0,0,0,0,0,0,0,0,0
48.761385,47.725888,47.745387,47.851956,48.068912,48.361759,47.507297,48.05295,49.156588,48.514877,49.134141,50.018008,49.810863,50.046342,49.54099,49.507346,49.497169,50.287217,56.660865,57.074997,49.710014,49.954079,56.786702,49.788539,55.429418,49.576918,66.709139,66.977265,49.492337,75.931996,87.159389,91.353624,88.96736,49.064963,49.411773,49.253075,49.512782,49.763697,49.008694,49.407176,49.306888,49.086063,49.417712,49.853469,49.588916,49.705035,49.243491,49.451869,49.509024,49.492286,49.90345,49.494251,49.485007,49.35936,49.829968,49.534929,49.474278,49.509983,49.905471,49.919564,50.013146,49.506565,49.90609,49.791122,49.673518,49.149465,49.137879,49.604963,49.81466,50.00869,49.660122,49.909721,49.922443,49.677037,50.098359,50.377072,49.246382,50.304701,50.048403,51.132993,49.637342,66.163031,64.803762,50.208608,56.67988,50.100235,51.014139,41.665931,51.195965,50.878495,52.267245,56.880376,56.566295,57.609453,58.816693,67.133101,70.053695,49.860792,49.289852,50.525006,50.08045,51.300618,51.728839,52.517334,51.109811,51.508966,52.046338,51.781076,51.80155,51.144774,51.472033,50.597468,50.866372,50.372706,50.940968,50.206442,49.983196,49.769383,50.239036,51.310163,51.627045,51.731248,51.686789,52.097448,51.732168,50.629786,51.001545,50.913673,50.141823,50.796818,49.94677,50.702879,50.99345,51.388567,50.031908,51.244006,50.290921,49.998469,50.248769,50.102862,49.514816,50.719569,50.142914,48.242802,49.889502,49.415839,49.792561,50.593087,50.127783,49.971437,50.62399,51.42266,49.951702,50.446766,50.798359,50.539441,49.107482,50.003347,49.724881,49.210071,49.985074,50.213939,49.568485,49.939187,50.569284,51.288741,49.274446,50.127095,50.8707,50.406435,41.202242,44.219099,42.845565,36.782459,34.115272,31.939336,29.354523,28.0849,28.871761,29.027528,27.655512,28.452827,28.153046,28.488102,28.78691,28.892708,28.602083,27.866385,23.693469,24.884337,27.520019,28.571709,26.974631,26.561185,26.828865,26.992059,26.737361,27.053299,27.520954,27.034559,49.342272,48.918976,48.468456,48.908908,48.868784,47.679297,47.983426,48.153264,47.149011,47.105395,47.063452,48.406647,47.174568,46.715722,47.474595,47.039231,47.490697,46.170962,55.462352,57.703541,47.360217,47.35762,66.926212,47.811451,61.550459,47.587729,60.021602,57.238494,47.613041,37.854194,34.939877,35.054375,36.881555,47.459909,47.285146,47.701313,47.419967,47.568491,47.606591,47.837425,47.876725,47.836661,47.76736,47.439589,47.37033,47.486569,47.480774,47.385985,47.393995,47.675021,47.91747,47.463172,47.544841,47.379185,47.662804,47.535703,47.34456,47.778935,47.689888,47.534712,47.877844,47.811895,47.607105,47.591314,47.738497,47.581,47.14805,47.288007,47.216948,47.243444,47.671043,47.677179,47.783223,47.374114,46.141421,46.010457,46.315428,45.998748,46.936695,45.028412,47.071421,43.150099,49.582775,48.19817,37.901768,47.614343,47.934765,26.19445,46.803788,21.918179,31.018779,27.896986,21.282568,19.465057,29.680491,24.040463,34.995632,46.938425,46.945947,47.070969,47.426795,47.073361,47.353085,47.223302,47.142707,47.623507,47.063582,47.13386,48.988817,46.744748,47.745248,47.275103,48.064173,47.78098,48.381349,48.063137,46.82642,47.872364,47.89271,47.922537,47.959411,47.996202,48.064248,47.334853,47.0991,47.37903,48.482684,47.13665,47.371561,48.041637,47.173108,47.098474,47.922174,48.419627,48.30631,47.990674,47.881748,47.844796,47.086617,47.719085,46.460057,47.886454,47.783588,47.016555,48.037037,48.467485,47.893533,47.971431,48.198022,48.129905,48.125112,48.696809,47.345313,47.922565,48.11843,48.159047,46.889797,47.715168,48.011879,49.029559,48.301226,48.19395,48.838929,49.139449,48.010186,48.933976,48.958459,49.279981,48.598504,48.223552,48.783362,45.299837,48.250587,50.795812,54.775078,50.191656,53.915275,54.019697,53.916421,53.098932,52.96431,54.481429,54.129825,54.733342,54.191105,54.926396,54.712361,54.721825,52.916501,52.608803,50.626979,55.066309,55.151759,54.183968,53.882026,53.960541,55.298241,54.989308,54.920626,54.313433,0,0,0,0,0,0,0,0,0,0,0,0,0,0,0,0,0,0,0,0,0,0,0,0,0,0,0,0,0,0,0,0,0,0,0,0,0,0,0,0,0,0,0,0,0,0,0,0,0,0,0,0,0,0,0,0,0,0,0,0,0,0,0,0,0,0,0,0,0,0,0,0,0,0,0,0,0,0,0,0,0,0,0,0,0,0,0,0,0,0,0,0,0,0,0,0,0,0,0,0,0,0,0,0,0,0,0,0,0,0,0,0,0,0,0,0,0,0,0,0,0,0,0,0,0,0,0,0,0,0,0,0,0,0,0,0,0,0,0,0,0,0,0,0,0,0,0,0,0,0,0,0,0,0,0,0,0,0,0,0,0,0,0,0,0,0,0,0,0,0,0,0,0,0,0,0,0,0,0,0,0,0,0,0,0,0,0,0,0,0,0,0,0,0,0,0,0,0,0,0,10,10,10,10,10,10,10,10,10,10,10,10,10,10,10,10,10,10,10,10,10,10,10,10,10,10,10,10,10,10,10,10,10,10,10,10,10,10,10,10,10,10,10,10,10,10,10,10,10,10,10,10,10,10,10,10,10,10,10,10,10,10,10,10,10,10,10,10,10,10,10,10,10,10,10,10,10,10,10,10,10,10,10,10,10,10,10,10,10,10,10,10,10,10,10,10,10,10,10,10,10,10,10,10,10,10,10,10,10,10,10,10,10,10,10,10,10,10,10,10,10,10,10,10,10,10,10,10,10,10,10,10,10,10,10,10,10,10,10,10,10,10,10,10,10,10,10,10,10,10,10,10,10,10,10,10,10,10,10,10,10,10,10,10,10,10,10,10,10,10,10,10,10,10,10,10,10,10,10,10,10,10,10,10,10,10,10,10,10,10,10,10,10,10,10,10,10,10,10,10,0,0,0,0,0,0,0,0,0,0,0,0,0,0,0,0,0,0,0,0,0,0,0,0,0,0,0,0,0,0,0,0,0,0,0,0,0,0,0,0,0,0,0,0,0,0,0,0,0,0,0,0,0,0,0,0,0,0,0,0,0,0,0,0,0,0,0,0,0,0,0,0,0,0,0,0,0,0,0,0,0,0,0,0,0,0,0,0,0,0,0,0,0,0,0,0,0,0,0,0,0,0,0,0,0,0,0,0,0,0,0,0,0,0,0,0,0,0,0,0,0,0,0,0,0,0,0,0,0,0,0,0,0,0,0,0,0,0,0,0,0,0,0,0,0,0,0,0,0,0,0,0,0,0,0,0,0,0,0,0,0,0,0,0,0,0,0,0,0,0,0,0,0,0,0,0,0,0,0,0,0,0,0,0,0,0,0,0,0,0,0,0,0,0,0,0,0,0,0,0
23.074312,22.728041,22.425312,21.943089,21.566439,21.88537,21.455205,22.377222,21.990591,21.207201,22.23747,21.610611,21.071859,21.809854,22.68671,21.781011,21.470804,21.949711,21.320025,21.149058,21.697988,21.198169,21.228459,21.059916,20.208145,20.883164,20.990658,21.03436,20.058855,21.118192,20.740046,22.265451,20.680464,29.391701,20.048683,27.202574,29.926253,34.166093,33.080814,32.286629,37.747404,49.20419,50.827838,47.044384,49.057363,37.774363,32.505348,32.577068,23.914702,34.724228,23.193717,26.483886,33.444723,36.821469,32.934948,45.23489,45.70607,45.578573,45.909588,45.587602,47.953432,46.870083,46.755436,46.118672,44.315332,45.032537,42.724645,46.17206,42.615185,43.671094,40.010875,36.781079,30.245077,24.057479,33.947069,42.132854,41.181873,108.086171,108.116717,108.039721,108.711764,108.663505,108.299985,108.057623,107.947906,107.790233,107.831335,108.478909,106.662605,107.004866,107.58754,109.873545,107.755489,108.380204,107.261636,107.050778,107.22536,106.895818,107.850165,108.227998,108.306978,108.785834,107.176324,107.078436,107.136196,106.02355,106.762977,107.021281,106.053887,105.48474,103.923966,96.945307,99.162969,113.628768,114.719819,116.152494,116.578774,113.495218,108.595446,103.134213,98.656093,90.004033,88.881604,89.210292,93.19577,85.399358,87.922214,95.340582,92.20062,91.698501,84.918456,83.696745,81.949078,82.799839,82.387514,82.103227,82.462607,75.723968,74.447256,72.728287,62.123772,60.922082,57.222443,55.951338,51.162641,54.997712,67.660569,72.02813,73.768741,70.951456,72.742703,71.06673,70.06253,67.157027,0,0,0,0,0,0,0,0,0,0,0,0,0,0,0,0,0,0,0,0,0,0,0,0,0,0,0,0,0,0,0,0,0,0,0,0,0,0,0,0,0,0,0,0,0,0,0,0,0,0,0,0,0,0,0,0,0,0,0,0,0,0,0,0,0,0,0,0,0,0,0,0,0,0,0,0,0,10,10,10,10,10,10,10,10,10,10,10,10,10,10,10,10,10,10,10,10,10,10,10,10,10,10,10,10,10,10,10,10,10,10,10,10,10,10,10,10,10,10,10,10,10,10,10,10,10,10,10,10,10,10,10,10,10,10,10,10,10,10,10,10,10,10,10,10,10,10,10,10,10,10,10,10,10,0,0,0,0,0,0,0,0,0,0,0,0,0,0,0,0,0,0,0,0,0,0,0,0,0,0,0,0,0,0,0,0,0,0,0,0,0,0,0,0,0,0,0,0,0,0,0,0,0,0,0,0,0,0,0,0,0,0,0,0,0,0,0,0,0,0,0,0,0,0,0,0,0,0,0,0,0
108.709692,108.626505,108.697255,109.05217,108.847342,108.873031,108.796459,108.976813,109.025894,108.343288,108.065086,108.483167,108.328019,108.613833,108.99362,105.18167,100.948365,103.469085,104.385023,93.109157,100.198328,98.282137,98.738865,94.059885,82.849493,77.135587,84.710687,87.873455,93.897492,98.000789,100.320794,91.225562,90.930035,84.088212,81.612982,75.192056,73.0,70.919701,85.455135,85.376326,85.088236,85.139148,85.004646,85.056368,85.082364,85.478459,85.391752,85.021355,85.062402,85.087455,85.147853,85.472959,85.269174,81.885497,84.020399,83.272172,94.49597,96.531346,101.031951,102.961439,113.987227,119.921976,118.819501,117.368455,110.589309,108.429554,111.2299,109.307872,106.972443,113.994516,107.368,101.694143,114.629592,117.244072,127.0,123.600459,0,0,0,0,0,0,0,0,0,0,0,0,0,0,0,0,0,0,0,0,0,0,0,0,0,0,0,0,0,0,0,0,0,0,0,0,0,0,10,10,10,10,10,10,10,10,10,10,10,10,10,10,10,10,10,10,10,10,10,10,10,10,10,10,10,10,10,10,10,10,10,10,10,10,10,10,0,0,0,0,0,0,0,0,0,0,0,0,0,0,0,0,0,0,0,0,0,0,0,0,0,0,0,0,0,0,0,0,0,0,0,0,0,0
64.010784,63.987727,63.920895,63.988306,64.178128,64.114389,64.046874,64.01396,64.163865,64.016622,63.934253,63.978405,64.125279,64.194404,64.1588,64.203549,64.222736,64.003171,64.305707,64.211663,63.996671,64.054862,64.066907,63.969342,63.997328,64.038252,64.043562,64.035974,63.947198,63.77138,63.958726,60.597123,57.908686,48.804123,41.001122,40.594452,42.624234,43.81686,40.961358,45.141327,49.300747,47.88246,49.491118,59.116623,51.067691,41.880082,39.888109,36.880305,42.175782,41.469945,40.898722,44.506937,47.495191,39.976019,34.472511,38.938347,39.427412,41.903104,40.938233,44.073272,39.106761,36.35092,38.826502,36.385312,30.994552,33.112297,39.171555,42.199064,47.295867,43.528769,33.532342,29.995894,36.945723,40.465756,42.01424,44.852166,47.009314,57.073258,54.26121,73.847789,78.161857,82.331342,80.966776,80.905134,77.62165,66.51028,63.027228,59.712187,69.10581,73.257644,101.721851,101.649478,101.685682,101.450085,101.676089,101.432419,101.677265,101.345631,101.564944,101.404853,101.469159,101.610249,101.50486,101.49907,101.761224,101.598979,101.69039,101.789949,101.441784,101.362162,101.21052,101.519397,101.696263,101.520814,101.565578,101.655464,101.463589,101.625018,101.827858,101.605533,101.309854,96.567176,88.004568,84.793789,78.945298,75.532334,77.510025,69.967779,66.050589,71.005418,75.630744,61.160623,64.702212,66.631108,68.083931,73.322357,77.316137,73.422097,76.349793,79.48799,87.162953,87.592187,98.047872,99.165112,94.257838,97.598999,94.565806,86.786085,82.780538,84.211202,82.060328,72.603201,69.860469,69.018493,69.141971,76.283607,74.970815,77.254162,75.305995,78.944748,83.031728,82.889857,79.085538,73.63689,73.136916,76.40548,67.406462,69.224542,59.168841,65.865429,69.032589,71.326164,76.205518,76.883766,81.012308,86.968532,88.816074,83.912713,79.146743,77.997074,0,0,0,0,0,0,0,0,0,0,0,0,0,0,0,0,0,0,0,0,0,0,0,0,0,0,0,0,0,0,0,0,0,0,0,0,0,0,0,0,0,0,0,0,0,0,0,0,0,0,0,0,0,0,0,0,0,0,0,0,0,0,0,0,0,0,0,0,0,0,0,0,0,0,0,0,0,0,0,0,0,0,0,0,0,0,0,0,0,0,10,10,10,10,10,10,10,10,10,10,10,10,10,10,10,10,10,10,10,10,10,10,10,10,10,10,10,10,10,10,10,10,10,10,10,10,10,10,10,10,10,10,10,10,10,10,10,10,10,10,10,10,10,10,10,10,10,10,10,10,10,10,10,10,10,10,10,10,10,10,10,10,10,10,10,10,10,10,10,10,10,10,10,10,10,10,10,10,10,10,0,0,0,0,0,0,0,0,0,0,0,0,0,0,0,0,0,0,0,0,0,0,0,0,0,0,0,0,0,0,0,0,0,0,0,0,0,0,0,0,0,0,0,0,0,0,0,0,0,0,0,0,0,0,0,0,0,0,0,0,0,0,0,0,0,0,0,0,0,0,0,0,0,0,0,0,0,0,0,0,0,0,0,0,0,0,0,0,0,0
31.047888,32.033289,31.843659,32.33887,32.859946,31.881771,31.132162,32.815257,31.976752,33.678992,34.069519,33.139153,33.197087,32.696502,34.797547,34.311872,32.71025,33.057536,33.170975,33.380054,33.496135,32.983676,34.243886,33.333053,31.902125,31.943634,31.961668,30.454185,26.141402,31.096498,37.783803,35.575488,35.143899,21.983954,22.467697,22.707289,22.097978,23.662001,24.296806,21.95577,24.593446,24.407361,25.510239,23.837217,23.036947,23.13364,22.04642,22.139672,22.499856,23.977963,22.764498,24.021782,24.764456,23.281046,23.974111,24.903198,23.688891,25.732727,24.882651,22.960902,25.118681,20.868778,21.98397,18.078493,17.733164,17.326961,0,0,0,0,0,0,0,0,0,0,0,0,0,0,0,0,0,0,0,0,0,0,0,0,0,0,0,0,0,0,0,0,0,10,10,10,10,10,10,10,10,10,10,10,10,10,10,10,10,10,10,10,10,10,10,10,10,10,10,10,10,10,10,10,10,10,0,0,0,0,0,0,0,0,0,0,0,0,0,0,0,0,0,0,0,0,0,0,0,0,0,0,0,0,0,0,0,0,0
109.964609,114.073996,107.053253,104.206363,112.471593,109.190107,111.318769,105.802701,110.580068,113.087542,112.869788,114.093514,108.567946,110.081029,105.565463,100.588768,100.36268,100.36268,100.36268,100.36268,67.982137,60.707775,63.21296,59.30635,63.91535,70.1347,66.496846,66.729534,58.769724,64.867792,61.85634,64.31063,62.213827,61.502076,65.028536,65.643503,62.953437,62.953437,62.953437,62.953437,0,0,0,0,0,0,0,0,0,0,0,0,0,0,0,0,0,0,0,0,10,10,10,10,10,10,10,10,10,10,10,10,10,10,10,10,10,10,10,10,0,0,0,0,0,0,0,0,0,0,0,0,0,0,0,0,0,0,0,0
32.923065,32.958504,32.891894,32.922692,32.900392,32.968667,32.917243,32.957519,32.916666,32.878345,32.987501,32.952081,32.941451,32.862615,32.861302,32.947439,32.840997,32.839691,32.896821,32.855496,32.941489,32.971757,32.95326,32.912902,33.014689,32.931241,32.925918,32.930905,32.987097,32.950245,32.951766,32.992117,32.989049,33.020193,33.050914,32.981985,32.987968,33.00678,30.339469,21.7171,21.64962,17.614394,4.20561,6.141167,10.531559,6.246733,10.414271,8.68009,10.248342,10.980815,15.365178,12.228652,3.322088,0.0,62.952409,62.82656,62.904793,62.982881,62.934267,62.940134,62.900164,62.995473,62.808155,62.986968,62.934529,62.905384,63.035036,62.96076,62.90499,62.887965,62.932394,62.959893,62.944148,62.946521,62.940044,62.945011,62.977471,63.00022,63.009859,63.036671,62.992016,63.064018,63.032948,63.009678,63.04452,62.959804,62.963987,63.024765,62.965434,62.996355,63.04496,62.996748,69.965247,70.023853,73.875957,72.719855,69.121754,63.25668,62.648369,54.354027,47.270984,43.98298,38.748978,31.026998,44.447701,45.715498,38.62002,27.0,0,0,0,0,0,0,0,0,0,0,0,0,0,0,0,0,0,0,0,0,0,0,0,0,0,0,0,0,0,0,0,0,0,0,0,0,0,0,0,0,0,0,0,0,0,0,0,0,0,0,0,0,0,0,10,10,10,10,10,10,10,10,10,10,10,10,10,10,10,10,10,10,10,10,10,10,10,10,10,10,10,10,10,10,10,10,10,10,10,10,10,10,10,10,10,10,10,10,10,10,10,10,10,10,10,10,10,10,0,0,0,0,0,0,0,0,0,0,0,0,0,0,0,0,0,0,0,0,0,0,0,0,0,0,0,0,0,0,0,0,0,0,0,0,0,0,0,0,0,0,0,0,0,0,0,0,0,0,0,0,0,0
30.9069,30.854585,31.390891,31.355826,31.141543,31.327281,31.090516,35.641396,30.83173,30.972437,31.107478,30.894803,31.015855,30.998853,31.620049,31.214224,31.147231,31.322383,31.293818,31.0878,31.268447,31.009379,31.092605,31.052197,30.979569,31.405742,30.995093,31.706067,32.32878,29.808635,32.752189,33.167359,33.328831,32.418911,33.666748,33.6918,33.967593,33.890944,33.66034,33.680512,33.702414,33.729279,33.505305,33.824734,33.365086,33.521482,33.625555,33.425305,33.68585,33.493057,33.38493,33.127374,33.195042,33.138959,33.306883,33.370087,33.444624,33.424364,33.460873,33.592912,33.388086,33.499637,33.277342,33.217757,33.101955,33.150009,33.212513,33.621606,33.244245,33.399353,33.332541,33.39636,33.527539,33.474916,33.312767,33.313656,33.518478,33.355016,33.390753,33.631158,33.444525,33.332341,33.275566,33.214434,33.221269,33.783919,35.487138,31.287243,24.056087,19.389596,18.970502,19.008098,18.879596,19.300003,19.594537,19.741803,19.870623,19.219481,19.134879,19.047909,19.212688,11.679957,18.071841,18.641281,19.672602,19.002005,19.177159,19.043631,18.618742,18.138921,24.418087,29.427435,22.522614,26.740358,15.16201,15.392809,15.441884,15.196822,15.846872,15.676773,15.9501,13.028305,15.726441,15.818405,15.712673,15.509678,15.499892,15.654808,15.966275,15.64059,15.461607,15.22269,15.879058,15.738859,15.919064,15.53575,15.175765,15.045756,15.35392,15.518354,15.815309,24.251719,23.329575,30.155416,22.701592,23.891167,23.765779,23.894037,24.087806,24.263605,24.180659,24.128616,24.117535,24.076813,23.851533,24.027768,24.149677,24.338689,24.283396,24.323452,24.049644,24.243714,24.185353,23.943951,23.84666,23.820048,24.014544,24.066555,24.126062,23.964211,23.886019,24.080404,23.846444,23.745932,23.847753,23.775004,24.004126,23.91389,23.953791,23.857818,23.897753,23.850824,23.599074,23.904998,23.885221,24.084405,23.794664,24.070277,23.856374,23.868722,23.667042,23.920681,23.942247,24.245426,24.084638,24.022107,23.993513,23.738439,24.03801,23.960515,20.759518,18.672569,15.835378,9.700962,9.361045,10.182483,9.335075,9.767292,10.620233,10.866508,9.924952,8.876383,10.739672,9.422057,10.873231,10.589001,9.794465,9.876036,9.248636,9.924689,11.906747,10.108984,10.116292,14.068104,19.205473,20.269509,13.585797,13.187697,0,0,0,0,0,0,0,0,0,0,0,0,0,0,0,0,0,0,0,0,0,0,0,0,0,0,0,0,0,0,0,0,0,0,0,0,0,0,0,0,0,0,0,0,0,0,0,0,0,0,0,0,0,0,0,0,0,0,0,0,0,0,0,0,0,0,0,0,0,0,0,0,0,0,0,0,0,0,0,0,0,0,0,0,0,0,0,0,0,0,0,0,0,0,0,0,0,0,0,0,0,0,0,0,0,0,0,0,0,0,0,0,0,0,10,10,10,10,10,10,10,10,10,10,10,10,10,10,10,10,10,10,10,10,10,10,10,10,10,10,10,10,10,10,10,10,10,10,10,10,10,10,10,10,10,10,10,10,10,10,10,10,10,10,10,10,10,10,10,10,10,10,10,10,10,10,10,10,10,10,10,10,10,10,10,10,10,10,10,10,10,10,10,10,10,10,10,10,10,10,10,10,10,10,10,10,10,10,10,10,10,10,10,10,10,10,10,10,10,10,10,10,10,10,10,10,10,10,0,0,0,0,0,0,0,0,0,0,0,0,0,0,0,0,0,0,0,0,0,0,0,0,0,0,0,0,0,0,0,0,0,0,0,0,0,0,0,0,0,0,0,0,0,0,0,0,0,0,0,0,0,0,0,0,0,0,0,0,0,0,0,0,0,0,0,0,0,0,0,0,0,0,0,0,0,0,0,0,0,0,0,0,0,0,0,0,0,0,0,0,0,0,0,0,0,0,0,0,0,0,0,0,0,0,0,0,0,0,0,0,0,0
97.083743,97.505775,97.360993,96.703818,94.956707,97.393958,97.259916,96.087117,96.61885,95.670401,97.018075,96.890754,95.869397,95.475839,95.751674,95.688771,96.055894,95.98688,87.847168,96.329436,97.656011,96.455075,96.038693,95.995785,95.603233,94.52782,94.766057,94.326516,96.681728,96.188803,96.507743,96.00314,95.193707,95.69395,95.993524,96.787557,95.498019,95.806821,95.667516,95.176667,84.633905,80.446104,82.384725,87.992378,82.976882,77.582621,64.651663,72.022551,68.491404,69.246659,65.330286,63.660475,60.849618,70.111101,65.889855,64.202074,71.777796,71.906097,71.838835,71.773216,71.94941,71.945907,71.84998,72.060096,71.86911,71.829595,71.951498,71.768349,71.821038,71.920787,71.912087,71.886734,71.796346,71.852843,71.687258,71.72608,71.729156,71.868393,71.862832,71.838391,71.919803,71.965646,71.745679,71.91744,71.875585,71.766481,71.962999,70.93773,71.357709,72.709622,71.791483,69.787198,71.776919,71.822735,71.932182,63.906806,52.888975,49.058607,44.008968,46.916236,39.278178,71.778738,33.233808,31.324689,62.148422,61.928921,33.992509,43.029536,71.892521,71.904315,59.946299,72.168293,72.012369,72.052426,72.019839,72.028556,62.487377,61.016001,60.240852,59.886817,61.186425,61.801017,61.69942,62.385839,62.905983,63.209528,60.542465,61.205088,63.616501,71.817274,61.838992,71.892726,61.867794,61.641504,61.55019,71.966763,61.298878,61.087895,71.908928,61.842348,61.826387,61.786252,61.879142,61.687332,61.881843,71.961287,62.337147,61.90542,61.396464,61.297308,60.828933,72.058372,61.609461,61.245219,61.669059,61.822897,72.360228,72.006838,61.870417,72.178567,61.835256,62.027052,62.181693,62.07796,61.80054,72.114152,61.676909,71.951266,72.096462,62.325423,72.154291,61.596021,72.169868,61.959506,72.064668,62.493426,61.92432,72.131089,72.090853,61.825276,61.718676,61.274965,71.896583,61.058701,61.054747,72.916685,61.024232,71.95731,61.874574,72.13983,61.797328,61.683845,71.982565,61.946315,71.820611,72.033844,61.399514,61.087582,61.732199,72.112477,42.329969,42.215289,42.500866,40.87916,42.851973,42.174328,42.203524,43.217169,43.683866,43.044614,42.240216,41.381448,41.920226,41.997675,43.16349,42.297691,42.74623,42.812906,40.736844,41.39322,41.568164,40.934311,40.85353,41.971256,41.878211,42.06287,42.663389,43.072259,42.325904,41.371965,42.611249,41.972133,41.838642,41.83565,42.413267,42.902733,41.770746,43.024658,42.955316,51.480892,50.913319,50.976938,52.265151,57.13407,53.556713,59.105321,62.176856,63.095102,61.511214,61.603065,60.900021,58.793136,67.33412,73.338719,79.089433,83.020471,92.196277,92.516038,92.420938,92.711356,92.385377,92.494981,92.612858,92.548529,92.266313,92.42233,92.56737,92.496345,92.508698,92.3621,92.764118,92.616363,92.569468,92.812144,92.411369,92.641735,92.615647,92.56573,92.719216,92.723137,92.482822,92.556426,92.656134,92.670966,92.89629,92.979176,92.867891,91.951478,91.071299,91.508233,91.940103,90.74665,92.532594,92.958182,92.437259,79.763604,74.590106,79.361082,87.156631,89.993773,86.294774,92.69966,85.676512,88.467445,90.089196,89.088033,94.467391,92.064785,92.553821,92.410203,89.14669,92.548504,92.027258,92.149503,92.230653,92.33845,89.830361,90.610229,89.493923,88.388274,89.236063,91.525857,90.178121,89.908034,89.98686,88.494702,89.521327,90.18366,89.859753,92.384704,92.023119,92.54174,91.927427,92.192472,92.266885,92.164294,92.870813,92.508818,92.258745,92.53435,92.000169,92.30968,92.612432,92.312333,91.946993,92.067135,92.229504,91.935325,92.237169,92.11509,91.898819,92.189895,92.047823,91.91581,91.936069,92.431968,92.657507,92.413053,92.269548,92.603528,92.283853,91.981634,92.951728,92.480515,91.985162,92.310257,92.771463,92.659008,92.495855,93.157246,92.428156,92.225744,92.260621,91.961642,92.620682,92.714061,93.068581,92.42006,92.470036,93.073625,93.27376,93.227012,92.311021,93.563509,92.973255,93.600613,93.035889,92.196615,92.291029,92.068255,92.71616,92.970211,92.406418,93.062784,92.436183,92.257562,93.064861,93.263668,93.370578,92.515121,0,0,0,0,0,0,0,0,0,0,0,0,0,0,0,0,0,0,0,0,0,0,0,0,0,0,0,0,0,0,0,0,0,0,0,0,0,0,0,0,0,0,0,0,0,0,0,0,0,0,0,0,0,0,0,0,0,0,0,0,0,0,0,0,0,0,0,0,0,0,0,0,0,0,0,0,0,0,0,0,0,0,0,0,0,0,0,0,0,0,0,0,0,0,0,0,0,0,0,0,0,0,0,0,0,0,0,0,0,0,0,0,0,0,0,0,0,0,0,0,0,0,0,0,0,0,0,0,0,0,0,0,0,0,0,0,0,0,0,0,0,0,0,0,0,0,0,0,0,0,0,0,0,0,0,0,0,0,0,0,0,0,0,0,0,0,0,0,0,0,0,0,0,0,0,0,0,0,0,0,0,0,0,0,0,0,0,0,0,0,0,0,0,0,0,0,0,0,0,0,10,10,10,10,10,10,10,10,10,10,10,10,10,10,10,10,10,10,10,10,10,10,10,10,10,10,10,10,10,10,10,10,10,10,10,10,10,10,10,10,10,10,10,10,10,10,10,10,10,10,10,10,10,10,10,10,10,10,10,10,10,10,10,10,10,10,10,10,10,10,10,10,10,10,10,10,10,10,10,10,10,10,10,10,10,10,10,10,10,10,10,10,10,10,10,10,10,10,10,10,10,10,10,10,10,10,10,10,10,10,10,10,10,10,10,10,10,10,10,10,10,10,10,10,10,10,10,10,10,10,10,10,10,10,10,10,10,10,10,10,10,10,10,10,10,10,10,10,10,10,10,10,10,10,10,10,10,10,10,10,10,10,10,10,10,10,10,10,10,10,10,10,10,10,10,10,10,10,10,10,10,10,10,10,10,10,10,10,10,10,10,10,10,10,10,10,10,10,10,10,0,0,0,0,0,0,0,0,0,0,0,0,0,0,0,0,0,0,0,0,0,0,0,0,0,0,0,0,0,0,0,0,0,0,0,0,0,0,0,0,0,0,0,0,0,0,0,0,0,0,0,0,0,0,0,0,0,0,0,0,0,0,0,0,0,0,0,0,0,0,0,0,0,0,0,0,0,0,0,0,0,0,0,0,0,0,0,0,0,0,0,0,0,0,0,0,0,0,0,0,0,0,0,0,0,0,0,0,0,0,0,0,0,0,0,0,0,0,0,0,0,0,0,0,0,0,0,0,0,0,0,0,0,0,0,0,0,0,0,0,0,0,0,0,0,0,0,0,0,0,0,0,0,0,0,0,0,0,0,0,0,0,0,0,0,0,0,0,0,0,0,0,0,0,0,0,0,0,0,0,0,0,0,0,0,0,0,0,0,0,0,0,0,0,0,0,0,0,0,0
40.284004,35.33197,30.587652,35.987093,40.778933,44.318435,41.692021,37.385984,35.166871,32.640924,28.76771,21.821967,22.874998,25.43967,24.483542,21.197003,12.695797,13.033504,11.612622,11.314543,11.364918,10.942914,11.06319,11.155324,11.432439,11.088079,11.417009,11.020218,11.180216,11.35389,11.349392,11.229224,11.526054,12.660676,11.518879,13.841278,12.204644,11.965573,13.476196,12.10763,13.527962,12.146272,12.980321,14.058201,11.950783,12.085912,12.139534,12.520279,13.373467,12.036806,13.857807,13.255727,14.346475,14.790586,13.458756,14.553062,13.963906,13.175777,14.538397,13.966741,13.473138,14.562181,14.051421,14.758324,15.376676,14.745834,14.873161,13.988559,13.053443,12.186087,12.272076,12.140094,13.54817,12.953555,12.965669,14.994399,14.231482,13.455742,12.884337,12.609975,12.679463,12.960244,12.60364,13.844351,13.909356,14.098982,14.275622,15.128999,12.855112,13.741319,14.27584,12.837969,13.543534,13.239794,14.08233,12.677246,12.302514,13.276584,12.926302,13.386192,14.688532,13.354875,12.342242,13.063441,14.01759,13.00902,12.982991,14.050998,12.62961,12.212115,12.583355,13.041705,14.315916,14.0674,11.891046,12.338905,13.503163,12.482468,12.375418,14.049937,13.484788,13.050975,14.144194,13.245283,12.51019,13.490238,15.01012,13.658972,14.59916,13.18433,7.186349,3.198677,11.331248,11.83579,20.142651,12.260293,27.579077,26.897576,20.718484,21.985706,18.714577,13.604431,24.060855,23.244426,23.1513,13.112714,29.106929,29.975093,12.16901,13.189403,27.993864,11.04313,12.551851,12.323204,11.872673,13.058155,12.093885,16.422845,20.872571,36.084237,31.54675,2.64076,2.156922,11.03192,13.679882,30.619365,7.972927,29.784969,9.065776,31.516796,13.25876,34.147486,15.937131,44.085177,38.511465,45.714392,37.088584,52.769189,41.717422,54.05009,39.966655,52.64861,29.919217,30.824975,25.735326,23.230712,52.389931,25.492937,27.626456,27.855008,27.827852,26.740885,31.908865,35.876018,51.057261,26.340667,53.349125,16.175711,53.976948,20.767451,47.72333,48.608677,40.953249,36.311061,36.908814,36.24837,37.710753,41.113862,47.019836,56.64105,62.081205,64.321076,71.866555,71.833217,66.514677,63.029407,62.1542,57.731203,54.521039,54.407744,54.29308,54.08256,54.424953,54.462615,54.507152,54.472622,54.363535,54.036582,54.141632,54.110102,54.070479,53.903675,53.964567,54.995844,54.384992,53.788938,56.026117,54.164796,55.047033,54.665242,53.456007,52.931778,53.342109,52.915824,53.706812,54.156978,54.788809,54.585782,54.673709,53.644168,53.927937,53.165229,53.255893,53.237993,52.591692,53.465848,53.986513,54.07134,54.996466,53.98535,52.954344,55.206894,54.111344,54.311014,53.81226,54.838921,53.305223,54.238801,54.865878,54.809007,54.871503,55.838525,53.997082,54.874124,54.849262,53.493906,55.094057,54.044888,54.040161,55.019372,54.279507,54.847419,53.530033,54.026688,54.445292,54.873951,54.667056,54.938662,54.118248,54.353021,53.994483,52.873937,53.014015,53.89262,54.185508,53.928765,54.541746,53.900952,54.996725,55.117375,55.906724,53.743812,54.139325,54.866618,53.997559,53.947829,53.127101,53.940145,52.272113,52.139347,52.461337,53.959423,54.924778,53.981303,54.12615,54.11924,52.939207,53.217649,54.122957,53.173495,53.557651,53.172179,54.304051,54.194787,54.811634,55.039547,53.768597,54.333941,55.096452,54.765358,59.942094,57.235643,55.754004,55.148692,62.934536,55.784013,69.490026,67.128607,63.297779,62.038662,73.226767,54.979311,77.462537,72.999289,64.008643,55.590826,53.96869,48.671693,53.006223,54.813923,54.141621,52.720042,52.924718,54.200668,55.206806,52.30442,58.408712,63.417984,59.0443,66.06496,67.045936,60.616373,66.004669,68.823744,61.029085,65.550669,39.893142,76.100816,39.045083,82.086632,38.750111,69.872272,36.782651,78.199176,46.24261,80.033759,52.586594,78.674682,52.902096,78.861948,55.706399,79.733241,68.103565,72.925381,74.544984,77.950782,78.839141,64.56293,55.080188,54.946495,55.209256,58.434751,58.385533,52.038673,78.694759,52.203328,78.287071,54.744407,78.853257,54.432044,0,0,0,0,0,0,0,0,0,0,0,0,0,0,0,0,0,0,0,0,0,0,0,0,0,0,0,0,0,0,0,0,0,0,0,0,0,0,0,0,0,0,0,0,0,0,0,0,0,0,0,0,0,0,0,0,0,0,0,0,0,0,0,0,0,0,0,0,0,0,0,0,0,0,0,0,0,0,0,0,0,0,0,0,0,0,0,0,0,0,0,0,0,0,0,0,0,0,0,0,0,0,0,0,0,0,0,0,0,0,0,0,0,0,0,0,0,0,0,0,0,0,0,0,0,0,0,0,0,0,0,0,0,0,0,0,0,0,0,0,0,0,0,0,0,0,0,0,0,0,0,0,0,0,0,0,0,0,0,0,0,0,0,0,0,0,0,0,0,0,0,0,0,0,0,0,0,0,0,0,0,0,0,0,0,0,0,0,0,0,0,0,0,0,0,0,0,0,0,0,10,10,10,10,10,10,10,10,10,10,10,10,10,10,10,10,10,10,10,10,10,10,10,10,10,10,10,10,10,10,10,10,10,10,10,10,10,10,10,10,10,10,10,10,10,10,10,10,10,10,10,10,10,10,10,10,10,10,10,10,10,10,10,10,10,10,10,10,10,10,10,10,10,10,10,10,10,10,10,10,10,10,10,10,10,10,10,10,10,10,10,10,10,10,10,10,10,10,10,10,10,10,10,10,10,10,10,10,10,10,10,10,10,10,10,10,10,10,10,10,10,10,10,10,10,10,10,10,10,10,10,10,10,10,10,10,10,10,10,10,10,10,10,10,10,10,10,10,10,10,10,10,10,10,10,10,10,10,10,10,10,10,10,10,10,10,10,10,10,10,10,10,10,10,10,10,10,10,10,10,10,10,10,10,10,10,10,10,10,10,10,10,10,10,10,10,10,10,10,10,0,0,0,0,0,0,0,0,0,0,0,0,0,0,0,0,0,0,0,0,0,0,0,0,0,0,0,0,0,0,0,0,0,0,0,0,0,0,0,0,0,0,0,0,0,0,0,0,0,0,0,0,0,0,0,0,0,0,0,0,0,0,0,0,0,0,0,0,0,0,0,0,0,0,0,0,0,0,0,0,0,0,0,0,0,0,0,0,0,0,0,0,0,0,0,0,0,0,0,0,0,0,0,0,0,0,0,0,0,0,0,0,0,0,0,0,0,0,0,0,0,0,0,0,0,0,0,0,0,0,0,0,0,0,0,0,0,0,0,0,0,0,0,0,0,0,0,0,0,0,0,0,0,0,0,0,0,0,0,0,0,0,0,0,0,0,0,0,0,0,0,0,0,0,0,0,0,0,0,0,0,0,0,0,0,0,0,0,0,0,0,0,0,0,0,0,0,0,0,0
108.949515,108.90838,109.228501,109.369164,109.217854,109.021729,109.086448,109.242248,109.64589,109.83922,109.492261,109.109666,109.495888,109.421867,109.281093,109.213921,109.119843,109.137813,109.277012,109.04359,109.059544,109.493975,109.503463,109.325837,109.389513,109.332655,109.320748,108.926982,109.020594,108.97302,108.827512,109.003343,109.16862,109.019709,108.964193,108.977145,108.999096,109.327289,109.232161,109.876793,109.687557,109.954147,109.849193,109.920429,109.763358,109.316123,109.975897,109.992238,109.798802,109.603142,109.142565,109.102238,109.045614,109.520798,109.107892,109.500316,109.42019,109.37612,109.362298,109.889584,109.524843,110.05688,110.268029,109.810255,109.907564,115.314675,113.483474,110.143724,109.972197,111.048456,110.167354,109.702448,110.762888,110.283138,110.087947,109.804036,111.13532,110.921704,110.30767,111.039507,109.644969,109.816291,110.645624,111.527059,110.812144,112.207004,111.616328,112.104299,112.327855,110.843435,112.148589,112.181983,112.018772,112.201868,112.263713,112.144898,112.256861,112.031811,112.031526,112.315847,112.8985,113.038318,112.850563,112.100724,112.328406,112.782979,112.910327,112.629209,112.563753,112.271365,111.948306,112.380522,112.136122,111.911781,111.829243,112.048746,112.067878,112.113043,111.964114,112.043319,111.839417,112.405757,111.848052,111.946874,112.039829,111.831434,111.602791,111.896187,112.023679,112.367507,112.093235,112.318855,112.067335,111.84232,112.335477,112.278291,112.179326,112.571782,112.000551,111.99013,114.149935,117.37909,119.513861,115.810483,119.160771,74.023478,73.652436,73.827096,73.866615,73.874845,73.781995,73.798872,74.04784,73.921743,73.70559,73.970858,74.264646,74.036445,74.244395,74.017715,74.200151,74.453665,74.052753,74.387612,74.140226,73.834738,73.937113,73.757106,74.042832,73.659572,74.019952,74.070091,74.061509,73.394162,73.077913,73.094176,73.029737,73.280246,73.010828,73.031793,73.228416,73.187951,73.209118,73.489433,73.804164,73.485493,73.01459,73.153805,73.077328,73.165739,73.178316,73.59187,73.117434,73.456913,73.344716,73.851053,73.408004,73.532605,73.757451,73.097122,73.733426,73.600979,73.99318,73.687096,73.932903,73.695106,73.681799,74.024157,73.954437,73.883724,77.043236,82.78681,80.917679,74.043291,74.135888,72.743189,73.816304,73.001221,72.947369,73.014601,72.905314,73.172559,73.094481,73.240831,72.915541,72.189071,71.866176,72.386375,72.573822,72.654461,73.045554,72.491484,72.84913,72.821966,72.747958,73.003169,72.990087,73.498023,73.694626,73.450893,73.375197,73.40008,72.995801,72.945631,73.107577,73.043739,73.079901,72.713847,72.905378,73.017035,73.130627,72.843929,72.585625,73.160752,72.994663,72.995716,72.869663,72.454655,72.696862,72.787927,72.464907,72.496101,72.895431,72.885826,72.847457,72.399159,72.661273,72.862127,73.183793,72.882592,72.692333,72.149826,72.002461,72.023599,72.081551,71.930382,72.051969,72.038296,71.517502,71.850953,71.826615,71.865314,71.97599,71.947174,71.8402,68.904978,70.500608,67.947429,75.040295,67.676529,0,0,0,0,0,0,0,0,0,0,0,0,0,0,0,0,0,0,0,0,0,0,0,0,0,0,0,0,0,0,0,0,0,0,0,0,0,0,0,0,0,0,0,0,0,0,0,0,0,0,0,0,0,0,0,0,0,0,0,0,0,0,0,0,0,0,0,0,0,0,0,0,0,0,0,0,0,0,0,0,0,0,0,0,0,0,0,0,0,0,0,0,0,0,0,0,0,0,0,0,0,0,0,0,0,0,0,0,0,0,0,0,0,0,0,0,0,0,0,0,0,0,0,0,0,0,0,0,0,0,0,0,0,0,0,0,0,0,0,0,0,0,0,0,0,10,10,10,10,10,10,10,10,10,10,10,10,10,10,10,10,10,10,10,10,10,10,10,10,10,10,10,10,10,10,10,10,10,10,10,10,10,10,10,10,10,10,10,10,10,10,10,10,10,10,10,10,10,10,10,10,10,10,10,10,10,10,10,10,10,10,10,10,10,10,10,10,10,10,10,10,10,10,10,10,10,10,10,10,10,10,10,10,10,10,10,10,10,10,10,10,10,10,10,10,10,10,10,10,10,10,10,10,10,10,10,10,10,10,10,10,10,10,10,10,10,10,10,10,10,10,10,10,10,10,10,10,10,10,10,10,10,10,10,10,10,10,10,10,10,0,0,0,0,0,0,0,0,0,0,0,0,0,0,0,0,0,0,0,0,0,0,0,0,0,0,0,0,0,0,0,0,0,0,0,0,0,0,0,0,0,0,0,0,0,0,0,0,0,0,0,0,0,0,0,0,0,0,0,0,0,0,0,0,0,0,0,0,0,0,0,0,0,0,0,0,0,0,0,0,0,0,0,0,0,0,0,0,0,0,0,0,0,0,0,0,0,0,0,0,0,0,0,0,0,0,0,0,0,0,0,0,0,0,0,0,0,0,0,0,0,0,0,0,0,0,0,0,0,0,0,0,0,0,0,0,0,0,0,0,0,0,0,0,0
11.82637,11.241497,11.150506,11.068447,10.975591,11.126768,11.256586,11.436404,11.519181,11.26817,11.711691,11.05336,11.294743,11.053895,11.514747,11.869395,11.920645,11.786121,7.715003,2.408995,54.389393,54.207752,54.03392,53.73843,54.067854,54.384604,54.323105,54.352649,54.175855,53.946689,54.383291,54.743505,54.03973,53.900327,53.843016,54.1339,54.14824,54.098251,55.201486,59.402063,0,0,0,0,0,0,0,0,0,0,0,0,0,0,0,0,0,0,0,0,10,10,10,10,10,10,10,10,10,10,10,10,10,10,10,10,10,10,10,10,0,0,0,0,0,0,0,0,0,0,0,0,0,0,0,0,0,0,0,0
78.753438,78.991119,78.090779,78.428448,78.660672,78.750438,77.940156,80.485904,80.557269,80.513511,80.747877,80.61386,80.806521,80.846078,80.825864,80.781464,80.833263,80.801769,80.864035,80.675205,81.002767,80.913594,80.882234,79.4779,81.053502,81.105848,81.097549,80.99576,80.682079,80.431327,80.353452,81.363825,73.172913,79.161999,72.708629,72.018729,73.017415,46.974877,72.814251,72.832784,71.784258,20.339738,71.576829,25.075704,71.720882,26.837797,84.01015,27.457135,32.046368,26.423419,20.00918,22.187657,20.408958,11.59624,10.124314,72.030623,8.83346,81.221517,7.050054,79.786222,95.855066,81.007112,82.499752,99.060673,105.508321,81.541483,82.854414,82.895644,103.544825,83.000916,83.427421,87.239038,93.599094,90.092438,88.628975,92.937409,83.407153,82.088098,82.35588,82.361244,80.816876,83.905889,83.711939,82.894869,95.967401,94.931023,85.902762,85.164286,96.442847,83.179873,75.030151,83.895036,66.371218,83.12701,69.248476,83.348258,82.425319,82.264082,80.692427,81.899648,81.983107,82.13416,81.671574,81.879434,83.470765,82.614107,81.877144,81.642651,80.939007,81.05819,81.950705,80.116336,81.417401,81.847915,82.679488,81.703853,81.786027,83.634471,81.031309,83.019588,83.10314,84.001253,84.36961,85.26897,83.155756,83.821285,83.352864,84.024752,82.823038,83.204793,84.44822,84.773026,83.580594,83.594998,84.481921,83.339391,84.844873,84.159639,84.094795,84.835001,84.322342,82.98539,83.370185,82.382177,84.39802,83.00418,84.893183,85.496213,85.810184,86.086089,84.194012,84.239738,84.506441,83.894574,85.98307,83.914201,86.30913,84.964927,83.677256,84.170183,83.804003,84.551891,84.058794,83.237465,83.824426,84.269563,85.057581,84.746112,82.037305,84.629607,84.345737,83.32497,83.874275,83.762789,84.012556,84.381294,84.370194,85.63092,85.586959,84.748471,84.360919,85.026355,83.966537,83.704788,83.004625,85.300775,83.838194,84.373929,80.465893,71.156018,84.777977,80.957526,84.210605,83.010882,83.982422,84.705715,84.983887,84.693543,85.522783,86.020415,94.087809,95.983271,96.822246,94.922929,95.241668,95.897778,95.011529,96.342079,96.686593,96.36367,96.140954,96.405266,96.174289,96.450509,96.471852,96.187958,96.408401,96.312513,96.244507,96.013831,96.051577,96.104514,96.742499,98.432367,98.948521,97.779619,98.010709,97.095728,97.289308,97.500654,97.152129,97.61162,93.713475,96.86858,93.745788,88.898096,93.402081,89.050461,93.811359,92.732726,92.63889,76.368281,92.539037,77.0361,92.806489,78.67016,98.071415,70.493461,75.575837,73.858034,74.640236,82.059068,80.383317,80.224349,74.308544,92.335425,62.123987,96.897188,68.107477,97.107924,90.048689,97.104103,98.587752,97.580917,95.04482,96.335938,95.925938,95.573228,90.822508,95.558993,95.715476,95.534334,104.592366,109.903048,105.461613,104.224677,95.242824,96.748934,96.366989,94.932552,95.918062,94.727137,96.024967,97.061767,92.93098,89.224317,95.747329,103.973512,107.472496,96.017347,112.735902,97.338728,105.77188,97.874104,109.117192,97.969367,97.07048,97.709479,96.672823,96.267092,97.157366,98.456127,98.137576,98.905224,97.882799,98.078841,96.928955,97.506008,96.733591,97.072413,98.1576,97.402242,96.088596,96.284456,95.948286,95.780957,96.939189,96.849582,97.01626,96.870736,98.129159,97.922068,96.478504,96.121793,97.390502,97.706169,95.263332,94.450232,94.695453,94.713613,94.988815,96.858502,96.005357,95.392402,97.010832,97.506871,95.298639,97.733054,96.993993,96.233702,96.258399,96.71359,96.56561,97.897825,97.718293,97.624638,96.144337,97.538681,96.369309,96.135211,96.996824,95.834796,97.361483,95.496042,96.328676,94.617086,95.47624,97.033665,96.673247,94.945949,96.964926,97.334064,97.208693,96.241578,97.30238,97.209099,95.368906,96.457329,96.806406,97.766116,99.004505,97.237353,96.900773,95.444231,96.959442,95.294258,95.030931,95.56017,96.319157,97.163674,95.856554,94.863271,96.843115,95.221206,95.599235,95.081714,103.015323,95.144361,105.534144,109.405438,95.180363,122.05636,96.380797,96.564589,96.193892,97.36366,97.634948,96.061473,95.96368,96.823582,0,0,0,0,0,0,0,0,0,0,0,0,0,0,0,0,0,0,0,0,0,0,0,0,0,0,0,0,0,0,0,0,0,0,0,0,0,0,0,0,0,0,0,0,0,0,0,0,0,0,0,0,0,0,0,0,0,0,0,0,0,0,0,0,0,0,0,0,0,0,0,0,0,0,0,0,0,0,0,0,0,0,0,0,0,0,0,0,0,0,0,0,0,0,0,0,0,0,0,0,0,0,0,0,0,0,0,0,0,0,0,0,0,0,0,0,0,0,0,0,0,0,0,0,0,0,0,0,0,0,0,0,0,0,0,0,0,0,0,0,0,0,0,0,0,0,0,0,0,0,0,0,0,0,0,0,0,0,0,0,0,0,0,0,0,0,0,0,0,0,0,0,0,0,0,0,0,0,0,0,0,0,0,0,0,0,0,0,0,0,0,0,0,0,0,0,0,0,0,0,10,10,10,10,10,10,10,10,10,10,10,10,10,10,10,10,10,10,10,10,10,10,10,10,10,10,10,10,10,10,10,10,10,10,10,10,10,10,10,10,10,10,10,10,10,10,10,10,10,10,10,10,10,10,10,10,10,10,10,10,10,10,10,10,10,10,10,10,10,10,10,10,10,10,10,10,10,10,10,10,10,10,10,10,10,10,10,10,10,10,10,10,10,10,10,10,10,10,10,10,10,10,10,10,10,10,10,10,10,10,10,10,10,10,10,10,10,10,10,10,10,10,10,10,10,10,10,10,10,10,10,10,10,10,10,10,10,10,10,10,10,10,10,10,10,10,10,10,10,10,10,10,10,10,10,10,10,10,10,10,10,10,10,10,10,10,10,10,10,10,10,10,10,10,10,10,10,10,10,10,10,10,10,10,10,10,10,10,10,10,10,10,10,10,10,10,10,10,10,10,0,0,0,0,0,0,0,0,0,0,0,0,0,0,0,0,0,0,0,0,0,0,0,0,0,0,0,0,0,0,0,0,0,0,0,0,0,0,0,0,0,0,0,0,0,0,0,0,0,0,0,0,0,0,0,0,0,0,0,0,0,0,0,0,0,0,0,0,0,0,0,0,0,0,0,0,0,0,0,0,0,0,0,0,0,0,0,0,0,0,0,0,0,0,0,0,0,0,0,0,0,0,0,0,0,0,0,0,0,0,0,0,0,0,0,0,0,0,0,0,0,0,0,0,0,0,0,0,0,0,0,0,0,0,0,0,0,0,0,0,0,0,0,0,0,0,0,0,0,0,0,0,0,0,0,0,0,0,0,0,0,0,0,0,0,0,0,0,0,0,0,0,0,0,0,0,0,0,0,0,0,0,0,0,0,0,0,0,0,0,0,0,0,0,0,0,0,0,0,0
96.244737,96.059492,95.956733,95.940165,96.034694,95.925818,95.94006,95.83791,96.006709,96.002919,96.288212,96.092753,96.67836,96.051183,96.129748,96.017771,96.196427,96.132704,96.050809,96.076899,96.132248,96.107572,96.080973,96.095654,95.933838,96.179638,96.230613,96.034434,96.072326,96.102219,95.971978,96.137866,96.089657,95.970248,96.339541,96.042161,95.951883,96.144327,96.056589,96.140522,96.026597,96.151617,95.905986,96.070021,96.136034,95.974733,95.977409,95.966764,96.231862,95.95576,96.098202,73.081246,72.983669,73.190655,73.06136,73.223203,73.163257,73.16647,73.094802,73.193452,73.338332,73.17244,73.110149,73.16875,73.138958,72.933027,73.116447,72.965225,72.864901,72.968307,73.182354,73.160774,73.034217,73.118992,72.801579,73.066274,73.055907,72.967341,73.051419,73.078818,73.124806,73.147123,73.05759,73.161832,73.10133,72.948031,73.015312,73.248576,73.116532,73.26128,73.390947,73.170389,73.08695,73.168211,73.005471,73.006244,73.227706,73.264711,72.993651,72.969481,73.068404,72.999641,0,0,0,0,0,0,0,0,0,0,0,0,0,0,0,0,0,0,0,0,0,0,0,0,0,0,0,0,0,0,0,0,0,0,0,0,0,0,0,0,0,0,0,0,0,0,0,0,0,0,0,10,10,10,10,10,10,10,10,10,10,10,10,10,10,10,10,10,10,10,10,10,10,10,10,10,10,10,10,10,10,10,10,10,10,10,10,10,10,10,10,10,10,10,10,10,10,10,10,10,10,10,0,0,0,0,0,0,0,0,0,0,0,0,0,0,0,0,0,0,0,0,0,0,0,0,0,0,0,0,0,0,0,0,0,0,0,0,0,0,0,0,0,0,0,0,0,0,0,0,0,0,0
102.570703,102.298325,102.488964,102.323691,102.402849,102.720691,102.849227,103.092338,102.784486,102.520618,102.344909,102.193938,102.031582,102.772615,102.246362,102.177729,102.497902,102.429344,102.088982,101.965099,102.183861,101.85998,101.922022,101.706604,101.848651,102.240407,101.975135,102.326848,102.266734,102.142963,102.191473,102.702423,102.305562,102.251842,102.388493,102.11967,102.224367,102.086399,102.525937,102.230437,102.344058,102.443259,102.430655,102.61147,102.885005,102.543554,102.165204,107.547106,105.928713,105.703434,109.555314,111.174081,118.31344,121.251084,121.231549,127.0,15.47522,15.591532,15.45325,15.410429,16.031874,15.721274,14.990829,15.690962,15.630194,15.473127,15.673126,15.23226,15.394975,15.601788,15.278041,15.45552,15.447805,15.584979,15.002352,15.459614,15.736419,14.993888,15.063331,15.433552,15.203227,15.234019,15.316128,15.240409,15.206457,15.044281,15.566699,15.555502,14.9049,15.062492,14.902091,14.916205,15.002643,14.96919,15.00393,15.171003,15.003726,14.358421,15.229167,15.430634,14.952239,15.190765,14.921127,9.492386,9.758659,12.575736,10.62579,14.351382,11.260617,12.29325,9.98459,9.0,0,0,0,0,0,0,0,0,0,0,0,0,0,0,0,0,0,0,0,0,0,0,0,0,0,0,0,0,0,0,0,0,0,0,0,0,0,0,0,0,0,0,0,0,0,0,0,0,0,0,0,0,0,0,0,0,10,10,10,10,10,10,10,10,10,10,10,10,10,10,10,10,10,10,10,10,10,10,10,10,10,10,10,10,10,10,10,10,10,10,10,10,10,10,10,10,10,10,10,10,10,10,10,10,10,10,10,10,10,10,10,10,0,0,0,0,0,0,0,0,0,0,0,0,0,0,0,0,0,0,0,0,0,0,0,0,0,0,0,0,0,0,0,0,0,0,0,0,0,0,0,0,0,0,0,0,0,0,0,0,0,0,0,0,0,0,0,0
7.677713,7.80883,8.045474,8.285364,7.754884,7.937145,7.894948,7.92956,7.833158,7.218315,7.577085,7.993891,7.870812,7.703361,8.102623,7.584561,7.626026,7.731886,7.750801,7.593014,7.609758,7.639724,7.60601,7.1771,7.273081,7.458698,7.490867,7.562441,7.23948,7.516151,7.775431,7.32548,7.780321,7.554861,7.527752,7.778753,7.229732,7.326503,7.502654,7.61976,7.584814,7.133403,7.518109,7.295879,7.196079,7.082715,6.978742,7.217141,7.035647,7.320676,7.141649,6.967932,7.227778,7.001918,7.382376,7.321849,7.355753,7.077297,7.376094,7.476141,7.519077,7.532879,7.414463,7.13202,7.331993,7.309876,7.199135,7.363516,7.034213,7.08464,7.010903,7.082683,7.045938,7.02666,6.836054,6.960409,17.041468,20.846027,26.917468,25.367064,27.012768,24.08855,20.795554,19.954866,23.754996,25.997315,22.332899,19.900307,23.79169,23.245008,23.356957,23.116323,23.334282,23.243783,23.406188,23.236041,23.317965,23.166531,23.055664,23.406851,23.354816,23.27671,22.994344,22.955448,23.056766,23.214606,22.957741,23.088622,23.527711,23.262567,23.081982,23.348313,23.179626,23.47253,23.088065,23.129277,23.275266,23.515123,23.186698,23.156457,23.426801,23.651431,23.227278,23.308891,23.528409,23.338627,23.165851,23.313074,23.406257,23.542055,23.54497,23.119449,23.014655,23.052054,23.655727,23.588873,23.352303,23.289684,23.314031,23.21056,22.993422,23.360774,23.457947,23.343811,23.381745,23.46588,23.222304,23.299058,23.613604,23.475975,23.62329,23.690565,23.342156,23.221384,23.074573,23.125288,23.090053,22.897937,23.000135,23.099922,23.088476,23.238895,23.315079,23.243869,28.52587,28.325388,34.056178,30.580882,34.060284,34.860582,33.5716,35.550423,47.722159,47.817081,40.972712,50.021789,0,0,0,0,0,0,0,0,0,0,0,0,0,0,0,0,0,0,0,0,0,0,0,0,0,0,0,0,0,0,0,0,0,0,0,0,0,0,0,0,0,0,0,0,0,0,0,0,0,0,0,0,0,0,0,0,0,0,0,0,0,0,0,0,0,0,0,0,0,0,0,0,0,0,0,0,0,0,0,0,0,0,0,0,0,0,0,0,10,10,10,10,10,10,10,10,10,10,10,10,10,10,10,10,10,10,10,10,10,10,10,10,10,10,10,10,10,10,10,10,10,10,10,10,10,10,10,10,10,10,10,10,10,10,10,10,10,10,10,10,10,10,10,10,10,10,10,10,10,10,10,10,10,10,10,10,10,10,10,10,10,10,10,10,10,10,10,10,10,10,10,10,10,10,10,10,0,0,0,0,0,0,0,0,0,0,0,0,0,0,0,0,0,0,0,0,0,0,0,0,0,0,0,0,0,0,0,0,0,0,0,0,0,0,0,0,0,0,0,0,0,0,0,0,0,0,0,0,0,0,0,0,0,0,0,0,0,0,0,0,0,0,0,0,0,0,0,0,0,0,0,0,0,0,0,0,0,0,0,0,0,0,0,0
3.949933,3.651787,3.389685,3.865941,3.548921,3.133657,4.022034,2.995322,4.01083,4.850594,4.088001,3.930798,3.965916,4.897269,4.159378,3.128396,3.661098,3.464478,2.982715,4.466469,3.878912,3.543664,3.159139,3.718326,2.303116,2.699759,6.034528,3.006742,1.862711,10.158604,18.095593,9.920746,15.489203,20.974746,21.983894,2.901179,3.931219,3.791719,21.176314,21.230301,21.031121,20.781509,20.12341,21.030995,20.778568,21.483335,21.471761,3.009616,21.749454,21.258062,21.720341,21.112621,4.298152,3.606317,20.025526,3.342616,20.263073,18.985218,19.189135,4.726454,18.538396,17.802777,5.71879,5.007666,19.315592,19.988085,19.887554,3.542044,19.27704,4.117014,3.613538,20.23049,19.076615,4.475414,3.141722,3.857779,4.598008,19.469037,2.847485,3.411617,2.51553,2.885534,2.34657,3.313119,18.500459,19.108671,19.408999,18.744211,19.72365,19.071084,18.084419,19.008614,18.935674,19.896127,18.696003,18.946616,17.224806,17.343306,18.640158,19.117594,18.035271,18.770351,18.126734,18.117167,16.994712,17.108979,16.378292,15.910337,15.145695,15.02161,15.791024,15.937269,16.098534,16.080432,16.191604,16.017735,16.03598,15.766904,15.93775,15.971515,5.785415,15.833192,12.667255,15.989767,16.083276,15.776711,15.790205,15.988496,15.878092,26.522356,28.7057,42.125617,44.505092,16.014717,47.102769,50.954296,42.8493,15.841717,15.940149,15.722615,15.899567,15.906866,15.969359,15.93527,15.748413,15.75807,15.9488,16.029901,15.991267,15.96192,15.852139,15.892466,15.819718,15.85556,16.109023,16.093399,15.878537,16.030794,15.969468,15.981388,15.984073,15.991435,15.892794,15.937112,15.815429,15.915326,15.688835,16.070668,15.951892,15.813405,15.738401,15.815082,15.847747,15.821479,16.00323,15.883093,16.446176,16.977958,23.304395,15.904984,23.247644,16.020273,24.771377,24.353759,16.020668,15.975434,15.969343,16.130664,16.142355,16.049005,16.157448,16.016757,15.989348,17.111819,8.156417,13.906243,9.621318,16.081886,13.811176,16.002655,109.744388,109.73353,109.908531,110.022557,109.74493,109.715872,108.306644,109.022367,109.321002,108.572274,109.466382,108.066697,108.935802,108.203517,108.227995,109.136713,107.179065,108.736246,108.955901,107.889844,108.371839,109.912357,108.999242,109.190761,110.275761,110.780619,111.951288,113.185567,110.255702,119.193624,118.105758,109.767504,102.604958,106.036386,106.745592,110.767586,108.790038,108.926017,105.671818,104.896252,105.947533,105.266242,105.783196,105.106515,105.462606,105.118832,104.801238,109.530468,105.361328,105.154893,104.766669,105.994426,108.090892,107.694358,105.894173,107.888809,105.214915,106.381362,108.096044,107.758052,107.217047,106.122618,108.14212,108.962588,106.593764,107.369866,106.518041,106.630973,105.960365,106.128452,106.696308,107.969933,105.860657,107.466086,106.116209,105.80915,105.762878,107.527575,105.754876,106.412864,106.080873,106.866622,104.562575,90.039946,107.837774,108.217062,108.98026,108.355027,107.989415,107.957081,108.070048,109.003376,108.16535,107.767361,107.52732,106.969468,106.758075,107.60275,108.209488,107.814606,106.61445,107.774763,106.96816,107.634133,107.985119,108.601104,109.050648,108.811246,108.993563,109.856839,108.854296,107.847529,108.065179,107.788288,107.901838,108.045686,107.808177,107.942936,107.987332,107.967974,94.056428,108.054152,90.197393,108.002174,108.141571,108.138863,107.99017,107.97445,107.76679,105.311931,105.216154,105.002114,100.23277,107.699712,87.740797,81.207115,85.023878,107.764931,107.693554,107.805293,107.860189,107.783241,107.954402,107.909595,108.00939,107.937864,107.793646,107.984567,107.477319,107.684507,107.753609,107.940982,107.723386,107.739941,107.576568,107.609987,107.467018,107.743725,107.858342,107.79792,107.881601,107.925645,107.787609,107.872552,107.793423,107.674582,107.304349,107.793601,107.736093,107.828974,107.744237,107.591541,107.544791,107.687417,107.764017,107.418322,107.542801,109.817768,116.887285,107.651723,123.325419,107.731947,118.60838,119.486925,107.887475,107.80196,107.559709,107.763457,107.885054,107.506653,107.632893,107.701966,107.776542,112.108591,109.517615,110.004788,101.090612,107.800482,101.985888,107.668297,0,0,0,0,0,0,0,0,0,0,0,0,0,0,0,0,0,0,0,0,0,0,0,0,0,0,0,0,0,0,0,0,0,0,0,0,0,0,0,0,0,0,0,0,0,0,0,0,0,0,0,0,0,0,0,0,0,0,0,0,0,0,0,0,0,0,0,0,0,0,0,0,0,0,0,0,0,0,0,0,0,0,0,0,0,0,0,0,0,0,0,0,0,0,0,0,0,0,0,0,0,0,0,0,0,0,0,0,0,0,0,0,0,0,0,0,0,0,0,0,0,0,0,0,0,0,0,0,0,0,0,0,0,0,0,0,0,0,0,0,0,0,0,0,0,0,0,0,0,0,0,0,0,0,0,0,0,0,0,0,0,0,0,0,0,0,0,0,0,0,0,0,0,0,0,0,0,0,0,0,0,0,0,0,0,0,0,0,0,0,0,0,0,0,0,0,0,0,0,0,10,10,10,10,10,10,10,10,10,10,10,10,10,10,10,10,10,10,10,10,10,10,10,10,10,10,10,10,10,10,10,10,10,10,10,10,10,10,10,10,10,10,10,10,10,10,10,10,10,10,10,10,10,10,10,10,10,10,10,10,10,10,10,10,10,10,10,10,10,10,10,10,10,10,10,10,10,10,10,10,10,10,10,10,10,10,10,10,10,10,10,10,10,10,10,10,10,10,10,10,10,10,10,10,10,10,10,10,10,10,10,10,10,10,10,10,10,10,10,10,10,10,10,10,10,10,10,10,10,10,10,10,10,10,10,10,10,10,10,10,10,10,10,10,10,10,10,10,10,10,10,10,10,10,10,10,10,10,10,10,10,10,10,10,10,10,10,10,10,10,10,10,10,10,10,10,10,10,10,10,10,10,10,10,10,10,10,10,10,10,10,10,10,10,10,10,10,10,10,10,0,0,0,0,0,0,0,0,0,0,0,0,0,0,0,0,0,0,0,0,0,0,0,0,0,0,0,0,0,0,0,0,0,0,0,0,0,0,0,0,0,0,0,0,0,0,0,0,0,0,0,0,0,0,0,0,0,0,0,0,0,0,0,0,0,0,0,0,0,0,0,0,0,0,0,0,0,0,0,0,0,0,0,0,0,0,0,0,0,0,0,0,0,0,0,0,0,0,0,0,0,0,0,0,0,0,0,0,0,0,0,0,0,0,0,0,0,0,0,0,0,0,0,0,0,0,0,0,0,0,0,0,0,0,0,0,0,0,0,0,0,0,0,0,0,0,0,0,0,0,0,0,0,0,0,0,0,0,0,0,0,0,0,0,0,0,0,0,0,0,0,0,0,0,0,0,0,0,0,0,0,0,0,0,0,0,0,0,0,0,0,0,0,0,0,0,0,0,0,0
116.909973,116.930672,117.185919,116.950497,117.363885,116.459437,116.887308,117.579131,116.983212,118.143584,117.431797,117.845918,116.755533,116.838396,115.255308,114.769719,115.997415,117.288415,115.958452,115.49775,115.266909,117.028554,116.131686,115.990195,115.67489,116.883787,117.630779,118.248047,118.785675,118.504417,119.001322,119.436207,119.57146,118.451924,119.045803,119.59526,117.079861,118.16811,117.84901,118.164301,123.274781,117.978516,118.481231,117.876112,119.495865,118.244747,119.395645,118.34169,120.030166,119.036317,119.191058,119.172441,117.662076,118.194205,116.790036,118.652748,118.205512,119.140634,118.785637,118.033067,117.599154,119.086663,118.96629,117.794539,116.930152,117.190734,117.130395,114.443199,115.719517,115.690833,113.982489,113.803964,113.87056,115.069867,113.748796,114.281418,115.066307,115.079205,115.919544,114.391514,113.965821,115.061512,115.001161,113.863126,113.416318,113.326246,111.556844,111.85491,113.024851,112.195,111.749813,112.904737,111.933223,111.986641,113.91805,112.226246,112.240624,112.434728,112.772873,112.977982,113.353526,112.652281,112.856236,113.808495,115.302462,115.295783,115.418247,115.688774,115.087426,114.532484,115.99141,116.104147,117.008772,116.042996,115.605949,117.348102,115.817414,115.519395,115.502962,115.357369,115.065923,115.419742,115.48657,116.21559,116.166498,117.020754,116.504467,115.923087,115.754265,115.914714,115.81663,114.949767,115.79867,114.725163,114.970797,114.728925,114.06553,113.292897,113.520677,114.367035,115.065107,113.284391,113.736927,113.993799,113.777169,113.938173,114.081756,113.750331,113.799748,113.509153,113.258994,113.255634,113.743534,112.608256,112.529044,112.313437,112.227798,112.681105,112.530886,112.168773,116.346772,122.056828,116.703847,123.195483,124.262522,86.565472,86.14312,85.18038,85.992636,86.016058,83.450048,84.096651,84.255545,84.712721,84.042928,84.870352,85.424119,83.851801,84.163706,86.006004,85.775136,85.1601,85.865196,85.745029,84.101994,84.044958,84.298468,83.747861,84.355646,83.925217,83.233959,83.200423,82.86589,83.911423,85.487595,85.041487,84.836616,83.715986,84.269347,84.195979,86.013468,86.053314,85.614206,84.993995,85.637455,84.907383,84.684158,86.033487,83.888619,84.732083,85.816746,85.088075,85.495029,85.374304,84.233749,83.361455,83.034248,81.350599,82.05733,83.304141,82.976354,82.098832,84.849339,84.513911,84.159896,84.477141,82.634128,84.014006,83.084549,83.502084,83.92542,82.964702,84.523427,83.745756,85.152431,84.849883,83.7866,84.079789,82.93577,83.564141,83.562146,82.184693,81.692592,83.682338,82.049482,83.828718,82.142817,82.023621,81.224445,81.916436,82.490108,83.503994,82.86513,81.943626,81.036331,82.007468,83.616581,81.242092,83.304419,83.974442,83.927972,83.284139,81.737294,82.122937,82.391672,82.052099,82.760727,83.727944,83.071538,83.021553,81.902636,85.230924,83.941252,84.600303,84.242752,83.335523,84.88634,83.76707,83.383086,82.523592,83.485707,83.946774,83.6046,84.16005,83.333067,83.775158,83.968557,83.784471,84.084221,85.224505,85.818505,86.564171,86.517505,85.257508,84.656747,85.907663,86.911984,84.496053,86.668763,86.102258,86.732552,86.00446,85.816807,86.458192,84.917894,86.151486,86.946838,86.128689,86.02791,84.03342,83.179766,84.750272,84.698063,85.885243,83.897739,84.662456,83.60324,83.662755,83.677711,83.601615,83.83388,83.502722,83.469898,83.741018,83.372088,83.739067,86.676458,92.06985,101.095719,104.925275,0,0,0,0,0,0,0,0,0,0,0,0,0,0,0,0,0,0,0,0,0,0,0,0,0,0,0,0,0,0,0,0,0,0,0,0,0,0,0,0,0,0,0,0,0,0,0,0,0,0,0,0,0,0,0,0,0,0,0,0,0,0,0,0,0,0,0,0,0,0,0,0,0,0,0,0,0,0,0,0,0,0,0,0,0,0,0,0,0,0,0,0,0,0,0,0,0,0,0,0,0,0,0,0,0,0,0,0,0,0,0,0,0,0,0,0,0,0,0,0,0,0,0,0,0,0,0,0,0,0,0,0,0,0,0,0,0,0,0,0,0,0,0,0,0,0,0,0,0,0,0,0,0,0,0,0,0,0,0,0,0,0,0,0,0,10,10,10,10,10,10,10,10,10,10,10,10,10,10,10,10,10,10,10,10,10,10,10,10,10,10,10,10,10,10,10,10,10,10,10,10,10,10,10,10,10,10,10,10,10,10,10,10,10,10,10,10,10,10,10,10,10,10,10,10,10,10,10,10,10,10,10,10,10,10,10,10,10,10,10,10,10,10,10,10,10,10,10,10,10,10,10,10,10,10,10,10,10,10,10,10,10,10,10,10,10,10,10,10,10,10,10,10,10,10,10,10,10,10,10,10,10,10,10,10,10,10,10,10,10,10,10,10,10,10,10,10,10,10,10,10,10,10,10,10,10,10,10,10,10,10,10,10,10,10,10,10,10,10,10,10,10,10,10,10,10,10,10,10,10,0,0,0,0,0,0,0,0,0,0,0,0,0,0,0,0,0,0,0,0,0,0,0,0,0,0,0,0,0,0,0,0,0,0,0,0,0,0,0,0,0,0,0,0,0,0,0,0,0,0,0,0,0,0,0,0,0,0,0,0,0,0,0,0,0,0,0,0,0,0,0,0,0,0,0,0,0,0,0,0,0,0,0,0,0,0,0,0,0,0,0,0,0,0,0,0,0,0,0,0,0,0,0,0,0,0,0,0,0,0,0,0,0,0,0,0,0,0,0,0,0,0,0,0,0,0,0,0,0,0,0,0,0,0,0,0,0,0,0,0,0,0,0,0,0,0,0,0,0,0,0,0,0,0,0,0,0,0,0,0,0,0,0,0,0
0.509163,0.724456,0.0,1.0,0.0,0.0,0.0,0.0,0.0,0.0,0.0,0.548018,0.0,0.711537,1.0,0.0,0.0,0.653908,0.96086,0.849625,0.54989,0.732663,0.0,0.0,0.0,0.0,0.0,0.0,0.0,0.0,0.551371,0.0,0.509573,0.524114,0.0,0.0,0.0,0.856689,0.533786,0.0,0.569899,0.545129,0.0,1.0,0.0,0.928594,1.0,0.0,0.0,0.528391,0.605582,0.0,0.586962,0.55255,0.80893,0.0,1.355748,0.776098,1.009913,0.809171,1.008592,0.626145,0.896156,0.889075,1.142691,1.0,0.554519,0.680625,0.895813,1.206374,1.132664,0.849054,1.021461,1.230795,0.987049,1.452659,0.915382,0.552952,0.0,0.661552,0.0,0.0,0.0,0.0,0.507311,0.510296,0.520841,0.0,0.701518,0.685552,0.0,0.80827,0.0,0.760897,17.621689,0.0,19.65895,0.0,21.566241,0.699582,30.001376,29.863487,21.205213,28.708772,0.557514,0.751763,0.0,0.0,0.0,0.0,0.861178,0.616616,0.923368,0.709971,1.110415,0.638023,0.78615,79.036727,78.43048,0.870698,77.803681,1.033183,78.035787,78.353931,0.810869,1.076659,77.888398,1.45644,78.068526,79.085864,79.561515,1.770284,1.633352,1.614053,79.923456,79.048208,78.786974,1.492592,1.50551,78.647792,1.025657,0.883134,77.890512,78.291289,78.55035,0.735793,78.974301,78.900772,78.240609,76.889527,78.153041,78.447064,80.821975,0.925449,79.524691,1.161495,79.187688,79.12254,0.0,2.014662,79.57195,1.649294,0.0,77.957255,2.192316,2.508894,0.816676,0.0,0.0,76.42106,40.704713,38.022627,37.304232,78.54685,33.060591,29.913972,18.960345,16.893699,77.710223,78.208706,79.661321,79.024833,77.975082,76.499318,76.9322,77.071559,78.060171,43.008185,78.133727,52.898183,76.897643,54.053473,78.166614,49.474002,77.196848,48.061387,77.864788,60.752822,79.127824,70.972389,7.245153,7.123756,7.0,7.0,7.0,7.0,7.0,7.0,7.0,7.0,7.0,7.277771,7.0,7.1947,7.0,7.0,7.0,7.196964,7.198991,7.084316,7.199469,7.313114,7.0,7.0,7.0,7.0,7.0,7.0,7.0,7.0,7.375203,7.0,7.235569,7.217655,7.0,7.0,7.0,7.326615,7.236643,7.0,7.330716,7.266477,7.0,7.0,7.0,7.40085,7.0,7.0,7.0,7.246011,7.257594,7.0,7.3679,7.274533,7.342649,7.0,7.427792,7.369103,7.433438,7.641523,7.844744,7.68684,7.539861,7.461988,7.36622,8.0,7.664765,7.723634,7.852553,7.750698,7.78647,7.794558,7.679362,7.785187,7.804438,7.843126,7.82039,7.823604,8.0,7.818896,8.0,8.0,8.0,8.0,7.884062,8.035263,7.921668,8.0,7.667484,7.685181,6.0,7.72986,22.0,7.768663,30.081479,8.0,24.599144,8.0,20.693739,7.766952,20.805653,19.074443,21.859735,22.143196,7.642388,7.78577,8.0,8.0,8.0,8.0,7.92093,7.843097,7.863971,7.878327,7.846035,7.967188,7.956161,3.430234,3.411455,7.859106,5.084279,7.71937,5.141306,5.7109,7.807077,7.807771,4.774222,7.884384,3.784428,4.589347,4.260418,8.123621,8.006682,7.949151,3.877612,4.269854,4.124754,8.038521,7.956602,5.527322,7.902619,7.901282,5.857243,4.334487,3.045668,7.731597,4.053684,4.897342,3.834127,3.971757,2.994466,4.097497,4.891556,7.867687,5.25412,7.728822,4.8284,3.906632,6.0,5.903292,3.74339,4.928125,4.0,2.219653,4.493086,4.509183,6.036236,5.0,6.0,3.149923,13.599594,13.047004,9.27408,2.920999,11.110882,10.086579,16.718399,23.110491,3.627436,1.824617,2.737819,4.114489,5.169098,4.440346,4.750192,4.356448,4.944089,36.162488,5.891846,33.261397,4.560965,23.913598,5.011781,32.684806,3.187648,34.206188,3.996079,20.514165,4.879668,9.864368,0,0,0,0,0,0,0,0,0,0,0,0,0,0,0,0,0,0,0,0,0,0,0,0,0,0,0,0,0,0,0,0,0,0,0,0,0,0,0,0,0,0,0,0,0,0,0,0,0,0,0,0,0,0,0,0,0,0,0,0,0,0,0,0,0,0,0,0,0,0,0,0,0,0,0,0,0,0,0,0,0,0,0,0,0,0,0,0,0,0,0,0,0,0,0,0,0,0,0,0,0,0,0,0,0,0,0,0,0,0,0,0,0,0,0,0,0,0,0,0,0,0,0,0,0,0,0,0,0,0,0,0,0,0,0,0,0,0,0,0,0,0,0,0,0,0,0,0,0,0,0,0,0,0,0,0,0,0,0,0,0,0,0,0,0,0,0,0,0,0,0,0,0,0,0,0,0,0,0,0,0,0,0,0,0,0,0,0,0,0,0,0,0,0,0,0,0,0,0,0,10,10,10,10,10,10,10,10,10,10,10,10,10,10,10,10,10,10,10,10,10,10,10,10,10,10,10,10,10,10,10,10,10,10,10,10,10,10,10,10,10,10,10,10,10,10,10,10,10,10,10,10,10,10,10,10,10,10,10,10,10,10,10,10,10,10,10,10,10,10,10,10,10,10,10,10,10,10,10,10,10,10,10,10,10,10,10,10,10,10,10,10,10,10,10,10,10,10,10,10,10,10,10,10,10,10,10,10,10,10,10,10,10,10,10,10,10,10,10,10,10,10,10,10,10,10,10,10,10,10,10,10,10,10,10,10,10,10,10,10,10,10,10,10,10,10,10,10,10,10,10,10,10,10,10,10,10,10,10,10,10,10,10,10,10,10,10,10,10,10,10,10,10,10,10,10,10,10,10,10,10,10,10,10,10,10,10,10,10,10,10,10,10,10,10,10,10,10,10,10,0,0,0,0,0,0,0,0,0,0,0,0,0,0,0,0,0,0,0,0,0,0,0,0,0,0,0,0,0,0,0,0,0,0,0,0,0,0,0,0,0,0,0,0,0,0,0,0,0,0,0,0,0,0,0,0,0,0,0,0,0,0,0,0,0,0,0,0,0,0,0,0,0,0,0,0,0,0,0,0,0,0,0,0,0,0,0,0,0,0,0,0,0,0,0,0,0,0,0,0,0,0,0,0,0,0,0,0,0,0,0,0,0,0,0,0,0,0,0,0,0,0,0,0,0,0,0,0,0,0,0,0,0,0,0,0,0,0,0,0,0,0,0,0,0,0,0,0,0,0,0,0,0,0,0,0,0,0,0,0,0,0,0,0,0,0,0,0,0,0,0,0,0,0,0,0,0,0,0,0,0,0,0,0,0,0,0,0,0,0,0,0,0,0,0,0,0,0,0,0
18.0,19.468408,20.686133,17.85886,20.469946,15.094329,15.204205,14.979232,15.212094,15.310794,15.160732,15.048046,15.563086,15.237628,14.880514,14.723922,15.050496,15.077667,16.938881,17.944408,19.550835,14.601297,7.734595,14.780356,13.214116,19.285446,19.457387,19.429254,19.876193,19.137691,19.201591,19.300442,19.636558,19.763983,19.695003,19.271089,19.282274,19.304505,19.146726,19.136956,19.107445,18.846953,18.972852,19.007162,18.894976,19.099571,19.131883,18.889076,19.004321,19.033217,18.917904,18.944491,19.061708,19.182496,19.774159,19.313208,19.400612,19.414105,18.421993,18.861909,18.35684,20.116459,18.424324,19.563022,19.159278,19.163765,18.540815,20.120142,18.801064,18.94648,19.44617,18.579402,18.705983,18.844946,18.976066,19.008774,18.597506,18.87761,18.606586,18.521121,19.382198,18.752668,18.514584,18.824656,18.539034,18.646884,14.799225,0.0,5.507953,7.789678,0.698089,6.823276,13.112999,13.000958,13.134508,12.571183,12.615779,13.200418,13.173575,13.045665,12.838168,12.851869,12.826753,12.046898,12.876229,4.976443,6.896859,9.76785,12.806174,10.439413,13.720843,15.840049,10.399897,10.410159,10.374158,10.424801,10.257206,10.123306,10.183155,10.287044,10.462766,10.84713,10.892911,10.884931,10.473425,10.43725,10.053622,10.106822,10.290909,10.348307,10.23345,10.275574,10.226027,10.742899,10.459463,10.254833,10.024943,10.055655,9.945675,10.180084,10.311314,10.331814,9.64756,10.83322,8.95774,9.217905,9.954396,9.075232,9.778349,10.043141,9.529933,10.457632,10.081101,10.470037,9.505297,9.767798,11.010552,10.121733,9.123783,8.66271,10.615863,10.059185,10.548975,10.079001,10.168145,10.328585,9.770894,10.069106,10.982281,9.581415,9.42532,9.665038,10.280039,9.148823,0,0,0,0,0,0,0,0,0,0,0,0,0,0,0,0,0,0,0,0,0,0,0,0,0,0,0,0,0,0,0,0,0,0,0,0,0,0,0,0,0,0,0,0,0,0,0,0,0,0,0,0,0,0,0,0,0,0,0,0,0,0,0,0,0,0,0,0,0,0,0,0,0,0,0,0,0,0,0,0,0,0,0,0,0,0,0,10,10,10,10,10,10,10,10,10,10,10,10,10,10,10,10,10,10,10,10,10,10,10,10,10,10,10,10,10,10,10,10,10,10,10,10,10,10,10,10,10,10,10,10,10,10,10,10,10,10,10,10,10,10,10,10,10,10,10,10,10,10,10,10,10,10,10,10,10,10,10,10,10,10,10,10,10,10,10,10,10,10,10,10,10,10,10,0,0,0,0,0,0,0,0,0,0,0,0,0,0,0,0,0,0,0,0,0,0,0,0,0,0,0,0,0,0,0,0,0,0,0,0,0,0,0,0,0,0,0,0,0,0,0,0,0,0,0,0,0,0,0,0,0,0,0,0,0,0,0,0,0,0,0,0,0,0,0,0,0,0,0,0,0,0,0,0,0,0,0,0,0,0,0
73.155342,68.273224,68.18207,68.015514,67.57826,67.955181,68.175558,67.901411,67.937593,67.5636,67.71471,68.989887,68.159665,57.837256,68.736213,61.237605,68.625636,68.740757,57.850271,58.056392,68.122417,68.304492,68.370628,68.152449,68.329253,68.93954,69.0,68.0,68.0,69.0,60.651454,62.90465,65.312929,68.844021,61.373344,64.474786,71.960632,69.0,59.717139,69.0,53.076335,54.170871,49.967066,69.0,69.0,68.0,69.0,68.385062,68.597152,68.788119,68.93129,68.910089,69.005397,68.755689,69.081576,69.0948,69.0,68.971075,69.216666,68.406613,67.98168,69.498171,68.509607,68.347366,68.89731,68.071633,68.74786,68.764216,69.11847,69.187973,68.583881,68.856333,69.022178,68.159579,67.792934,69.296226,69.054205,69.32426,66.997863,66.859665,68.731691,67.295298,67.119119,66.593282,66.004866,68.56267,66.823099,66.864565,66.728288,67.497904,67.493422,68.718527,66.016533,65.588594,67.06762,67.08762,65.971666,66.300941,65.880694,65.988054,66.320309,65.130318,65.798683,66.463726,66.522813,66.560329,67.012541,65.35977,66.798658,66.818794,67.026967,65.993761,65.043211,67.180459,65.335065,66.746446,67.182772,65.989952,67.2907,67.015055,67.021736,65.755824,66.305827,65.434096,66.619402,66.809957,66.685567,66.117963,66.685313,67.650589,67.102162,66.842925,68.804155,66.547724,68.962486,68.765864,67.81521,69.163273,68.357094,66.619646,68.789468,68.186842,68.008161,65.310696,66.873462,65.288448,65.627481,67.279002,66.441251,67.760322,65.641255,65.20009,72.263441,80.329948,80.037752,81.976234,81.831896,81.580575,81.803437,81.680563,81.904429,81.784183,81.739127,81.697957,81.992089,81.837402,81.87137,81.799795,81.753352,81.856906,81.759551,81.891672,81.849503,81.898547,81.888313,81.657068,81.871155,81.910036,81.88549,81.988534,81.912915,81.850104,81.955046,81.815113,81.644122,81.74501,81.77844,81.901129,81.730745,81.83363,81.785012,81.707149,4.366106,2.216531,2.314345,2.249389,2.129683,1.832067,1.980459,2.14555,2.41228,1.780557,1.884308,2.081552,1.692637,6.750741,1.880831,13.086692,2.203117,1.897583,11.884816,3.524368,2.163335,2.208468,1.780887,1.964945,1.924156,1.450867,0.0,0.0,0.0,0.0,7.168036,9.146762,13.991857,12.286714,11.09113,13.133971,12.87874,0.0,10.15661,0.0,14.978565,12.010718,12.898934,0.0,0.0,0.0,0.0,0.594158,0.778863,1.986008,1.858557,1.930301,2.047134,1.584636,0.67289,0.658109,0.0,1.625475,2.342039,6.417876,5.994334,6.951966,1.539136,3.088502,2.027786,4.7042,2.089868,2.077826,1.903461,1.82871,2.325168,2.094332,1.948368,4.096916,5.862381,2.054396,2.407545,2.133412,5.786106,5.556019,6.085452,7.0445,5.346747,5.997407,5.894226,5.94884,6.13502,5.268153,5.119687,5.222588,5.511398,5.514192,5.916172,5.886478,5.021735,5.965001,7.918381,7.025694,7.031952,6.716163,4.979967,4.844241,5.007765,4.457806,5.118737,5.129475,4.657319,5.404295,5.619206,4.604249,5.85523,5.910827,6.902341,5.120072,6.443042,7.21986,5.119951,5.430932,4.810068,4.344643,5.89535,7.000214,4.868017,5.691037,4.858989,5.306113,5.060174,5.737085,4.289241,3.719344,4.032755,5.623923,5.307104,5.375096,3.954457,4.520264,4.343961,5.493252,3.794759,5.939284,5.592293,5.19558,5.051701,4.9203,4.597764,4.160983,5.139561,4.481895,3.87578,4.394018,3.957152,4.122013,10.079346,13.38215,18.075632,19.049761,19.036089,19.013896,19.054078,19.058354,18.92867,18.944068,18.99003,19.077379,18.954922,18.822979,18.98333,19.055725,19.086446,19.138165,19.317368,19.06142,19.090287,19.006739,19.31085,19.017387,19.105005,18.963936,19.125362,18.936392,19.03539,18.890731,19.110518,18.91966,18.881429,18.897269,18.89447,18.849324,18.892172,18.901877,19.088312,19.067464,0,0,0,0,0,0,0,0,0,0,0,0,0,0,0,0,0,0,0,0,0,0,0,0,0,0,0,0,0,0,0,0,0,0,0,0,0,0,0,0,0,0,0,0,0,0,0,0,0,0,0,0,0,0,0,0,0,0,0,0,0,0,0,0,0,0,0,0,0,0,0,0,0,0,0,0,0,0,0,0,0,0,0,0,0,0,0,0,0,0,0,0,0,0,0,0,0,0,0,0,0,0,0,0,0,0,0,0,0,0,0,0,0,0,0,0,0,0,0,0,0,0,0,0,0,0,0,0,0,0,0,0,0,0,0,0,0,0,0,0,0,0,0,0,0,0,0,0,0,0,0,0,0,0,0,0,0,0,0,0,0,0,0,0,0,0,0,0,0,0,0,0,0,0,0,0,0,0,0,0,0,0,0,0,0,0,0,0,0,0,0,0,10,10,10,10,10,10,10,10,10,10,10,10,10,10,10,10,10,10,10,10,10,10,10,10,10,10,10,10,10,10,10,10,10,10,10,10,10,10,10,10,10,10,10,10,10,10,10,10,10,10,10,10,10,10,10,10,10,10,10,10,10,10,10,10,10,10,10,10,10,10,10,10,10,10,10,10,10,10,10,10,10,10,10,10,10,10,10,10,10,10,10,10,10,10,10,10,10,10,10,10,10,10,10,10,10,10,10,10,10,10,10,10,10,10,10,10,10,10,10,10,10,10,10,10,10,10,10,10,10,10,10,10,10,10,10,10,10,10,10,10,10,10,10,10,10,10,10,10,10,10,10,10,10,10,10,10,10,10,10,10,10,10,10,10,10,10,10,10,10,10,10,10,10,10,10,10,10,10,10,10,10,10,10,10,10,10,10,10,10,10,10,10,0,0,0,0,0,0,0,0,0,0,0,0,0,0,0,0,0,0,0,0,0,0,0,0,0,0,0,0,0,0,0,0,0,0,0,0,0,0,0,0,0,0,0,0,0,0,0,0,0,0,0,0,0,0,0,0,0,0,0,0,0,0,0,0,0,0,0,0,0,0,0,0,0,0,0,0,0,0,0,0,0,0,0,0,0,0,0,0,0,0,0,0,0,0,0,0,0,0,0,0,0,0,0,0,0,0,0,0,0,0,0,0,0,0,0,0,0,0,0,0,0,0,0,0,0,0,0,0,0,0,0,0,0,0,0,0,0,0,0,0,0,0,0,0,0,0,0,0,0,0,0,0,0,0,0,0,0,0,0,0,0,0,0,0,0,0,0,0,0,0,0,0,0,0,0,0,0,0,0,0,0,0,0,0,0,0,0,0,0,0,0,0
55.152027,56.177216,49.690745,49.672528,50.778479,54.13285,52.091386,52.091386,52.091386,52.091386,52.091386,52.091386,52.091386,52.091386,52.091386,52.091386,52.091386,52.091386,52.091386,52.091386,26.41849,31.973657,26.22308,37.536761,39.661891,47.167899,44.83406,44.83406,44.83406,44.83406,44.83406,44.83406,44.83406,44.83406,44.83406,44.83406,44.83406,44.83406,44.83406,44.83406,0,0,0,0,0,0,0,0,0,0,0,0,0,0,0,0,0,0,0,0,10,10,10,10,10,10,10,10,10,10,10,10,10,10,10,10,10,10,10,10,0,0,0,0,0,0,0,0,0,0,0,0,0,0,0,0,0,0,0,0
81.464993,78.749942,79.848656,82.200003,81.116723,83.328431,83.328431,83.328431,83.328431,83.328431,83.328431,83.328431,83.328431,83.328431,83.328431,83.328431,83.328431,83.328431,83.328431,83.328431,8.695801,7.049591,18.025705,19.789097,22.067701,16.103941,16.103941,16.103941,16.103941,16.103941,16.103941,16.103941,16.103941,16.103941,16.103941,16.103941,16.103941,16.103941,16.103941,16.103941,0,0,0,0,0,0,0,0,0,0,0,0,0,0,0,0,0,0,0,0,10,10,10,10,10,10,10,10,10,10,10,10,10,10,10,10,10,10,10,10,0,0,0,0,0,0,0,0,0,0,0,0,0,0,0,0,0,0,0,0
113.011515,107.402059,105.807177,109.027975,108.777169,109.117113,109.087535,108.930735,109.115712,109.138644,108.942948,109.076194,108.94567,109.098519,112.608903,105.540519,106.31673,106.31673,106.31673,106.31673,101.074334,94.505135,89.457967,85.073498,85.719985,85.519633,85.562875,85.759803,85.208859,85.244614,85.18419,85.365437,85.705768,85.418334,84.023336,81.068156,85.771433,85.771433,85.771433,85.771433,0,0,0,0,0,0,0,0,0,0,0,0,0,0,0,0,0,0,0,0,10,10,10,10,10,10,10,10,10,10,10,10,10,10,10,10,10,10,10,10,0,0,0,0,0,0,0,0,0,0,0,0,0,0,0,0,0,0,0,0
24.743076,24.975811,24.831206,24.848756,24.863733,24.904209,24.791381,25.0,24.740884,24.580228,24.630378,24.612262,24.418591,24.197943,24.227099,24.009589,24.185059,24.158674,23.999264,24.104172,23.887814,23.839592,23.908911,23.77184,23.692728,23.895733,23.645074,23.885855,28.065761,16.722008,17.0,125.301515,125.628979,125.96844,126.098249,125.608363,126.05554,126.343214,127.0,126.262937,125.459444,125.950339,125.497611,126.202398,125.395347,125.247765,125.030895,125.092311,125.129304,125.325543,125.331047,125.315949,125.76408,126.191563,125.947226,125.855117,126.209832,126.190907,125.261167,118.748743,124.74743,127.0,0,0,0,0,0,0,0,0,0,0,0,0,0,0,0,0,0,0,0,0,0,0,0,0,0,0,0,0,0,0,0,10,10,10,10,10,10,10,10,10,10,10,10,10,10,10,10,10,10,10,10,10,10,10,10,10,10,10,10,10,10,10,0,0,0,0,0,0,0,0,0,0,0,0,0,0,0,0,0,0,0,0,0,0,0,0,0,0,0,0,0,0,0
69.393909,58.694917,58.058404,47.207342,52.036853,49.933254,48.148558,36.940144,31.374096,31.578723,31.377593,31.27072,30.872639,31.187733,31.28135,31.658109,31.697135,31.699465,31.916132,31.941002,31.852954,31.848881,31.966449,32.086591,32.048608,31.766058,31.777752,31.613103,31.734636,31.710826,31.59058,31.770148,34.757563,34.701791,37.163209,31.16204,39.776527,46.970879,52.05233,31.152204,48.404683,49.87836,50.065599,48.896456,31.020246,47.333341,31.358499,31.227695,31.230054,31.516636,31.67724,31.365061,31.852611,31.844214,31.507118,30.991465,31.424139,31.29754,31.24973,30.929208,31.016828,31.385421,30.957785,31.156051,30.956221,31.047366,31.128868,31.267718,31.239633,31.661334,31.624103,31.626271,31.202986,31.567495,31.143575,31.267341,31.237622,30.909302,30.939196,31.429074,31.127693,31.387746,31.321289,31.173635,31.246514,31.212605,31.27314,31.080503,31.097276,30.963659,31.316813,31.737314,31.586616,31.174125,31.169864,31.350097,31.365713,31.087727,31.348229,31.56703,31.160132,31.613192,31.580208,31.113839,30.966488,31.134828,31.319008,31.309669,31.483163,31.174865,31.481402,31.417059,31.885613,31.722647,31.646347,31.090399,31.658433,31.852743,31.391896,31.656918,31.486312,31.933859,31.836564,32.018679,31.772329,31.863836,31.7665,31.717298,31.57391,31.600698,31.53643,31.57046,31.422405,31.303183,31.406558,31.76922,31.987994,31.840695,31.561924,31.981003,31.949883,31.943465,31.841432,31.8676,31.83174,31.977734,31.790088,31.778781,31.605977,31.574561,31.470616,31.359603,31.622052,31.252018,31.613947,31.723997,31.398631,31.229419,31.463899,31.665587,31.320021,31.654396,31.800626,31.544179,31.578107,31.850366,31.56564,31.775852,31.967289,31.363635,31.583984,31.671192,31.567395,31.552707,31.849616,31.3592,31.575078,31.065417,31.508353,30.980105,31.341622,30.609445,37.45272,35.206229,33.055154,31.297606,24.424898,22.38103,14.291526,15.377297,15.42628,15.121931,15.155552,15.133598,15.494969,15.283839,15.050844,15.487246,15.341324,15.196592,15.262,15.095327,15.217599,14.974194,15.103346,15.077211,15.193624,15.104923,15.27271,15.144573,15.613951,15.700675,15.683246,15.958949,10.734841,15.273012,15.865541,12.951933,6.526912,8.916686,15.978792,11.491584,14.78376,11.6658,7.298285,15.657654,6.328844,15.707406,15.507737,15.090433,15.645255,15.7027,15.651961,15.759012,15.631478,15.538145,15.557765,15.65693,15.735965,15.725764,15.84224,16.052172,15.491541,15.652232,15.798342,16.046618,15.973147,15.968328,15.928511,15.94565,15.485114,15.169057,15.472184,15.410789,15.315474,15.499261,15.800296,15.792171,15.558877,15.904695,16.230938,15.816094,15.730862,15.878801,16.09646,16.242221,15.945178,16.007478,16.011301,15.873716,15.899159,16.030265,16.001933,15.742124,16.034226,15.965805,15.989009,15.47272,15.264001,15.536807,15.578152,15.791016,15.180561,15.689911,15.833576,15.788969,15.598771,15.520927,15.109808,15.448628,15.791348,15.571346,15.790794,15.657922,15.766937,15.774564,15.99425,15.929559,16.228759,15.888372,15.952879,16.258044,16.079948,16.01124,15.8718,15.733528,15.87939,15.924709,15.861399,16.009777,15.378762,15.797504,15.688551,15.801173,15.943805,15.926426,16.130544,16.124816,16.385923,16.271101,15.987182,16.21926,16.0363,16.240186,16.194045,15.954578,15.852996,16.076757,15.944347,15.988464,16.044781,16.039596,16.077038,16.240461,16.140354,16.327617,16.280096,16.254215,15.981601,16.40538,16.095618,15.975358,16.006473,15.950888,16.062299,15.929518,16.011988,16.101402,15.981072,16.075821,16.008932,16.083575,16.059512,15.936117,16.103127,16.202124,16.016697,16.422157,15.950707,16.116225,16.03288,15.891848,0,0,0,0,0,0,0,0,0,0,0,0,0,0,0,0,0,0,0,0,0,0,0,0,0,0,0,0,0,0,0,0,0,0,0,0,0,0,0,0,0,0,0,0,0,0,0,0,0,0,0,0,0,0,0,0,0,0,0,0,0,0,0,0,0,0,0,0,0,0,0,0,0,0,0,0,0,0,0,0,0,0,0,0,0,0,0,0,0,0,0,0,0,0,0,0,0,0,0,0,0,0,0,0,0,0,0,0,0,0,0,0,0,0,0,0,0,0,0,0,0,0,0,0,0,0,0,0,0,0,0,0,0,0,0,0,0,0,0,0,0,0,0,0,0,0,0,0,0,0,0,0,0,0,0,0,0,0,0,0,0,0,0,0,0,0,0,0,0,0,0,0,0,0,0,0,0,0,0,0,0,10,10,10,10,10,10,10,10,10,10,10,10,10,10,10,10,10,10,10,10,10,10,10,10,10,10,10,10,10,10,10,10,10,10,10,10,10,10,10,10,10,10,10,10,10,10,10,10,10,10,10,10,10,10,10,10,10,10,10,10,10,10,10,10,10,10,10,10,10,10,10,10,10,10,10,10,10,10,10,10,10,10,10,10,10,10,10,10,10,10,10,10,10,10,10,10,10,10,10,10,10,10,10,10,10,10,10,10,10,10,10,10,10,10,10,10,10,10,10,10,10,10,10,10,10,10,10,10,10,10,10,10,10,10,10,10,10,10,10,10,10,10,10,10,10,10,10,10,10,10,10,10,10,10,10,10,10,10,10,10,10,10,10,10,10,10,10,10,10,10,10,10,10,10,10,10,10,10,10,10,10,0,0,0,0,0,0,0,0,0,0,0,0,0,0,0,0,0,0,0,0,0,0,0,0,0,0,0,0,0,0,0,0,0,0,0,0,0,0,0,0,0,0,0,0,0,0,0,0,0,0,0,0,0,0,0,0,0,0,0,0,0,0,0,0,0,0,0,0,0,0,0,0,0,0,0,0,0,0,0,0,0,0,0,0,0,0,0,0,0,0,0,0,0,0,0,0,0,0,0,0,0,0,0,0,0,0,0,0,0,0,0,0,0,0,0,0,0,0,0,0,0,0,0,0,0,0,0,0,0,0,0,0,0,0,0,0,0,0,0,0,0,0,0,0,0,0,0,0,0,0,0,0,0,0,0,0,0,0,0,0,0,0,0,0,0,0,0,0,0,0,0,0,0,0,0,0,0,0,0,0,0
121.885271,122.355028,127.0,127.0,127.0,127.0,127.0,127.0,127.0,127.0,127.0,127.0,127.0,127.0,127.0,127.0,127.0,127.0,127.0,127.0,127.0,127.0,127.0,127.0,127.0,127.0,127.0,127.0,127.0,127.0,127.0,127.0,127.0,127.0,127.0,127.0,127.0,127.0,127.0,127.0,127.0,127.0,125.429097,127.0,126.170397,125.473335,125.394824,127.0,127.0,127.0,125.503455,127.0,125.415079,122.866419,127.0,127.0,123.624818,127.0,123.779819,124.293345,125.3908,125.439601,126.052008,127.0,127.0,127.0,127.0,127.0,127.0,127.0,127.0,127.0,127.0,127.0,127.0,127.0,127.0,127.0,127.0,127.0,127.0,127.0,125.385387,126.0,124.51214,123.794783,125.253882,124.043945,124.343361,127.0,125.391347,126.43709,125.602925,127.0,124.971781,124.114886,125.031723,122.74502,126.426997,123.154869,127.0,124.216049,127.0,127.0,127.0,127.0,127.0,127.0,127.0,127.0,127.0,127.0,127.0,127.0,127.0,126.0,126.046162,127.0,127.0,127.0,123.369844,122.76006,123.202079,117.100171,123.950777,122.917101,122.861039,123.958762,123.21306,127.0,98.005256,85.678053,123.736955,126.128638,123.197959,124.176115,85.254153,127.0,84.240159,121.920704,93.044542,124.243361,123.575891,89.985426,100.09174,106.953446,124.909426,127.0,127.0,127.0,106.911511,127.0,127.0,127.0,127.0,123.864175,110.014684,127.0,127.0,122.807392,84.280125,127.0,127.0,66.619517,127.0,57.170566,127.0,43.595003,127.0,37.381542,124.298267,54.410366,46.961418,44.0,44.0,44.0,44.0,44.0,44.0,44.0,44.0,44.0,44.0,44.0,44.0,44.0,44.0,44.0,44.0,44.0,45.0,45.0,44.0,44.0,44.0,44.0,44.0,45.0,44.0,44.0,44.0,44.0,45.0,45.0,45.0,44.0,45.0,45.0,45.0,44.0,44.0,44.0,44.0,44.533974,44.0,44.566248,44.989462,44.62715,45.0,45.0,44.0,44.704993,44.0,43.955601,46.154823,44.0,44.0,44.822023,44.0,43.880099,44.433091,44.571602,45.051601,44.223171,44.0,44.0,44.0,44.0,44.0,44.0,44.0,44.0,44.0,44.0,44.0,44.0,44.0,44.0,44.0,43.0,44.0,44.0,44.0,44.157879,45.0,44.53139,45.160667,44.505387,44.12947,44.896355,44.0,44.049271,43.857497,43.902105,44.0,44.488802,44.119271,44.960182,53.052432,45.041483,52.19994,45.0,53.484418,38.0,38.0,37.0,38.0,38.0,38.0,38.0,38.0,38.0,38.0,45.0,38.0,44.0,45.0,44.988353,44.0,45.0,44.0,53.205932,54.0829,54.410691,34.1705,53.386836,54.723258,54.411319,52.965862,53.992829,45.0,44.917241,41.615541,54.858669,45.511718,55.218285,45.871901,64.880516,44.0,60.99065,52.156655,53.371118,54.310059,52.150567,26.834246,28.576388,32.940586,52.908479,44.0,44.0,44.0,43.424716,44.0,44.0,44.0,47.0,51.752552,25.098952,48.0,44.0,54.033196,42.144698,45.0,44.0,55.808805,44.0,62.664138,45.0,72.154714,45.0,70.773911,52.20603,0,0,0,0,0,0,0,0,0,0,0,0,0,0,0,0,0,0,0,0,0,0,0,0,0,0,0,0,0,0,0,0,0,0,0,0,0,0,0,0,0,0,0,0,0,0,0,0,0,0,0,0,0,0,0,0,0,0,0,0,0,0,0,0,0,0,0,0,0,0,0,0,0,0,0,0,0,0,0,0,0,0,0,0,0,0,0,0,0,0,0,0,0,0,0,0,0,0,0,0,0,0,0,0,0,0,0,0,0,0,0,0,0,0,0,0,0,0,0,0,0,0,0,0,0,0,0,0,0,0,0,0,0,0,0,0,0,0,0,0,0,0,0,0,0,0,0,0,0,0,0,0,0,0,0,0,0,0,0,0,0,0,0,0,0,0,0,0,0,0,0,10,10,10,10,10,10,10,10,10,10,10,10,10,10,10,10,10,10,10,10,10,10,10,10,10,10,10,10,10,10,10,10,10,10,10,10,10,10,10,10,10,10,10,10,10,10,10,10,10,10,10,10,10,10,10,10,10,10,10,10,10,10,10,10,10,10,10,10,10,10,10,10,10,10,10,10,10,10,10,10,10,10,10,10,10,10,10,10,10,10,10,10,10,10,10,10,10,10,10,10,10,10,10,10,10,10,10,10,10,10,10,10,10,10,10,10,10,10,10,10,10,10,10,10,10,10,10,10,10,10,10,10,10,10,10,10,10,10,10,10,10,10,10,10,10,10,10,10,10,10,10,10,10,10,10,10,10,10,10,10,10,10,10,10,10,10,10,10,10,10,10,0,0,0,0,0,0,0,0,0,0,0,0,0,0,0,0,0,0,0,0,0,0,0,0,0,0,0,0,0,0,0,0,0,0,0,0,0,0,0,0,0,0,0,0,0,0,0,0,0,0,0,0,0,0,0,0,0,0,0,0,0,0,0,0,0,0,0,0,0,0,0,0,0,0,0,0,0,0,0,0,0,0,0,0,0,0,0,0,0,0,0,0,0,0,0,0,0,0,0,0,0,0,0,0,0,0,0,0,0,0,0,0,0,0,0,0,0,0,0,0,0,0,0,0,0,0,0,0,0,0,0,0,0,0,0,0,0,0,0,0,0,0,0,0,0,0,0,0,0,0,0,0,0,0,0,0,0,0,0,0,0,0,0,0,0,0,0,0,0,0,0
106.0,102.991146,95.767334,87.283022,85.568624,89.538482,91.574689,96.169007,96.7795,96.982395,93.397902,100.022705,99.617295,92.528807,94.89137,103.55961,99.211809,96.392281,94.052256,88.011715,102.107176,102.143161,102.208176,101.859817,101.655879,102.052732,102.069627,102.185277,102.116609,101.926944,103.179789,101.894257,103.342884,103.713073,103.16055,102.532095,104.354333,103.962718,104.765602,102.283112,102.041282,101.732195,101.256388,103.070627,101.723345,101.593282,102.02114,100.070885,99.467687,98.788374,99.613854,98.151783,98.955716,100.184808,101.110126,102.059849,102.385899,103.051607,102.829738,102.893907,101.53064,98.92548,93.133088,93.216302,91.002603,94.200092,89.916684,91.767437,0.0,7.033921,9.411664,14.970702,13.082813,17.367427,17.872216,16.993041,16.058268,20.305912,25.135322,27.574181,25.875666,22.877939,29.69634,30.900082,27.128022,30.66165,33.458391,35.888564,15.086596,15.017743,14.934172,14.837577,14.988603,15.551734,15.049236,15.09456,15.318125,15.287994,15.88421,15.978656,16.154004,15.775535,16.82462,17.471182,17.127291,16.12194,16.662789,16.441388,16.141287,16.148648,16.490018,15.472169,15.508536,15.502249,15.044096,15.501975,15.430112,16.464767,17.262143,16.902016,16.608692,15.220523,14.588514,15.031807,14.723135,14.928247,15.648574,15.821804,16.145748,22.035011,24.250028,28.69729,24.895989,21.78775,24.013231,28.667114,0,0,0,0,0,0,0,0,0,0,0,0,0,0,0,0,0,0,0,0,0,0,0,0,0,0,0,0,0,0,0,0,0,0,0,0,0,0,0,0,0,0,0,0,0,0,0,0,0,0,0,0,0,0,0,0,0,0,0,0,0,0,0,0,0,0,0,0,10,10,10,10,10,10,10,10,10,10,10,10,10,10,10,10,10,10,10,10,10,10,10,10,10,10,10,10,10,10,10,10,10,10,10,10,10,10,10,10,10,10,10,10,10,10,10,10,10,10,10,10,10,10,10,10,10,10,10,10,10,10,10,10,10,10,10,10,0,0,0,0,0,0,0,0,0,0,0,0,0,0,0,0,0,0,0,0,0,0,0,0,0,0,0,0,0,0,0,0,0,0,0,0,0,0,0,0,0,0,0,0,0,0,0,0,0,0,0,0,0,0,0,0,0,0,0,0,0,0,0,0,0,0,0,0
50.816061,44.10432,36.04713,38.431963,40.129282,40.129282,40.129282,40.129282,40.129282,40.129282,40.129282,40.129282,40.129282,40.129282,40.129282,40.129282,40.129282,40.129282,40.129282,40.129282,15.968105,12.500981,17.825852,8.543036,0.648421,0.648421,0.648421,0.648421,0.648421,0.648421,0.648421,0.648421,0.648421,0.648421,0.648421,0.648421,0.648421,0.648421,0.648421,0.648421,0,0,0,0,0,0,0,0,0,0,0,0,0,0,0,0,0,0,0,0,10,10,10,10,10,10,10,10,10,10,10,10,10,10,10,10,10,10,10,10,0,0,0,0,0,0,0,0,0,0,0,0,0,0,0,0,0,0,0,0
58.500546,48.301421,56.392809,64.031726,65.873323,56.93677,49.0,38.0,38.0,38.0,38.0,38.0,38.0,38.0,38.0,38.0,38.0,38.0,38.0,38.0,112.86903,119.853177,121.090229,120.376612,120.10529,124.074114,127.0,127.0,127.0,127.0,127.0,127.0,127.0,127.0,127.0,127.0,127.0,127.0,127.0,127.0,0,0,0,0,0,0,0,0,0,0,0,0,0,0,0,0,0,0,0,0,10,10,10,10,10,10,10,10,10,10,10,10,10,10,10,10,10,10,10,10,0,0,0,0,0,0,0,0,0,0,0,0,0,0,0,0,0,0,0,0
87.405375,86.769511,93.608242,93.563105,91.43876,89.065179,83.767162,81.095173,80.73009,81.115712,88.553039,89.74394,89.915312,97.231962,110.054597,109.880112,109.662726,102.95295,95.043712,99.718899,90.471618,87.466731,84.191028,85.810515,92.967728,99.24693,97.779042,99.869465,102.276288,105.805077,95.604785,83.073736,82.223351,84.232695,87.725348,84.379044,83.957614,85.078431,92.928769,91.801145,95.353804,88.20396,88.248384,88.320425,95.110902,95.184249,100.474338,100.718688,102.710009,105.200748,102.998982,103.847375,92.4605,99.818817,103.489932,99.680422,102.102817,97.022386,94.871857,91.543619,90.470192,89.812539,94.610836,84.544132,85.863008,93.209621,98.462063,103.042139,100.080907,96.582312,99.46066,96.154446,89.494503,83.022183,79.627137,70.785265,68.71324,75.551625,73.622948,73.556736,72.765254,71.792041,72.499483,64.191566,65.823903,67.258084,68.452153,54.443098,53.054617,42.835306,30.930841,34.849795,27.14344,19.197976,28.114278,30.3815,31.723041,32.610842,38.725427,39.061823,38.204781,33.205839,32.205692,36.078436,37.915329,37.435413,32.163788,41.404802,36.292035,38.274088,29.538196,31.749169,25.160084,20.858952,24.999204,21.341184,26.158076,21.774856,25.648975,33.932777,33.717561,27.775122,24.830089,17.358049,17.950089,27.519132,34.517431,37.085878,0,0,0,0,0,0,0,0,0,0,0,0,0,0,0,0,0,0,0,0,0,0,0,0,0,0,0,0,0,0,0,0,0,0,0,0,0,0,0,0,0,0,0,0,0,0,0,0,0,0,0,0,0,0,0,0,0,0,0,0,0,0,0,0,10,10,10,10,10,10,10,10,10,10,10,10,10,10,10,10,10,10,10,10,10,10,10,10,10,10,10,10,10,10,10,10,10,10,10,10,10,10,10,10,10,10,10,10,10,10,10,10,10,10,10,10,10,10,10,10,10,10,10,10,10,10,10,10,0,0,0,0,0,0,0,0,0,0,0,0,0,0,0,0,0,0,0,0,0,0,0,0,0,0,0,0,0,0,0,0,0,0,0,0,0,0,0,0,0,0,0,0,0,0,0,0,0,0,0,0,0,0,0,0,0,0,0,0,0,0,0,0
69.101068,61.930459,65.982486,72.10623,69.144371,63.493774,59.480058,56.229981,57.064682,56.274921,51.22268,56.672914,56.672914,56.672914,56.672914,56.672914,56.672914,56.672914,56.672914,56.672914,32.394993,32.402132,26.993797,24.03135,22.75193,22.005215,19.709136,21.494944,15.362701,15.28071,15.939076,7.361065,7.361065,7.361065,7.361065,7.361065,7.361065,7.361065,7.361065,7.361065,0,0,0,0,0,0,0,0,0,0,0,0,0,0,0,0,0,0,0,0,10,10,10,10,10,10,10,10,10,10,10,10,10,10,10,10,10,10,10,10,0,0,0,0,0,0,0,0,0,0,0,0,0,0,0,0,0,0,0,0
1.0,1.916803,2.806976,2.0,2.0,2.44616,2.138093,2.0,2.0,1.0,3.0,1.01509,2.0,1.845198,1.02541,2.0,2.0,0.0,0.0,0.0,127.0,125.875213,124.620101,127.0,127.0,125.876203,125.065922,127.0,127.0,127.0,127.0,125.877687,127.0,124.404477,125.108444,127.0,127.0,127.0,127.0,127.0,0,0,0,0,0,0,0,0,0,0,0,0,0,0,0,0,0,0,0,0,10,10,10,10,10,10,10,10,10,10,10,10,10,10,10,10,10,10,10,10,0,0,0,0,0,0,0,0,0,0,0,0,0,0,0,0,0,0,0,0
2.523836,7.60221,6.083921,14.134089,18.093187,24.795012,28.582228,30.27681,39.017107,40.475578,32.781117,32.833745,24.386772,22.789371,15.178671,23.774559,27.88644,32.539979,37.772212,32.896964,30.333797,43.266639,42.221857,35.74802,34.744164,38.522125,39.730042,41.088162,47.272334,39.056867,46.490296,40.023871,40.764656,45.789148,37.355293,42.417185,39.498562,39.455176,39.498784,38.454576,34.27191,43.627586,47.481918,39.81952,34.030919,30.081927,28.755709,37.871808,37.82133,37.923871,36.973754,37.976223,38.236673,38.589145,37.019221,37.272265,36.744259,36.095301,36.913181,37.005995,37.802799,38.363027,37.840682,38.019423,37.637606,38.174137,36.328773,36.437004,36.054086,34.933671,41.38949,36.373037,41.249884,38.050907,37.015459,37.868175,37.805715,35.981725,34.203608,37.611097,36.252085,37.187934,36.051542,35.547018,37.358016,37.648899,37.735925,37.746401,37.494119,37.477997,37.459713,37.643753,37.660777,37.633641,37.473765,37.770877,37.781495,37.502152,37.556718,37.609521,37.530499,37.732167,37.654639,37.530791,37.514991,37.49576,37.588438,37.374697,37.788021,37.511677,37.712468,37.379911,37.564208,37.453901,37.236084,37.375907,37.322739,37.207667,37.53855,37.216743,37.638087,37.643913,37.52894,37.313923,37.469756,37.403814,84.492451,77.091637,81.970048,76.32223,87.000915,93.800888,88.282447,92.017835,90.119113,84.527439,87.247647,84.516832,80.897459,84.33673,86.087527,88.841936,92.400431,79.990135,87.033136,100.814912,98.245792,93.138669,96.404667,99.871706,93.416712,97.816893,96.622981,91.706535,96.327611,89.944986,86.627243,80.012962,73.748086,70.856873,75.955362,72.313304,78.527199,91.899487,92.12807,92.315769,98.8106,105.677543,105.5172,104.764699,93.052367,101.404745,100.987575,92.804085,92.505752,92.053612,91.025933,89.995243,91.576054,90.080434,89.964109,91.256735,90.947954,92.369409,93.151028,91.044754,92.135703,92.057991,91.451122,90.057643,91.370447,91.075994,92.074813,91.234988,91.150962,92.04286,86.763177,91.026204,92.052411,90.095913,89.510835,88.920056,90.741047,89.894869,90.707002,90.476448,91.362709,90.015256,89.60788,89.609907,90.14359,90.578089,90.29715,90.29204,90.330517,90.412541,90.547702,90.510339,90.585283,90.22544,90.334914,90.423744,90.164632,90.365971,90.161999,90.237722,90.163227,90.080894,90.173,90.317096,90.234452,90.093963,90.147026,90.303798,90.307934,90.284734,90.560533,90.173616,90.312634,90.327564,90.252429,90.27996,90.517748,90.220133,90.260093,90.369201,90.181848,90.083228,90.092799,90.102269,90.477537,90.246474,0,0,0,0,0,0,0,0,0,0,0,0,0,0,0,0,0,0,0,0,0,0,0,0,0,0,0,0,0,0,0,0,0,0,0,0,0,0,0,0,0,0,0,0,0,0,0,0,0,0,0,0,0,0,0,0,0,0,0,0,0,0,0,0,0,0,0,0,0,0,0,0,0,0,0,0,0,0,0,0,0,0,0,0,0,0,0,0,0,0,0,0,0,0,0,0,0,0,0,0,0,0,0,0,0,0,0,0,0,0,0,0,0,0,0,0,0,0,0,0,0,0,0,0,0,0,10,10,10,10,10,10,10,10,10,10,10,10,10,10,10,10,10,10,10,10,10,10,10,10,10,10,10,10,10,10,10,10,10,10,10,10,10,10,10,10,10,10,10,10,10,10,10,10,10,10,10,10,10,10,10,10,10,10,10,10,10,10,10,10,10,10,10,10,10,10,10,10,10,10,10,10,10,10,10,10,10,10,10,10,10,10,10,10,10,10,10,10,10,10,10,10,10,10,10,10,10,10,10,10,10,10,10,10,10,10,10,10,10,10,10,10,10,10,10,10,10,10,10,10,10,10,0,0,0,0,0,0,0,0,0,0,0,0,0,0,0,0,0,0,0,0,0,0,0,0,0,0,0,0,0,0,0,0,0,0,0,0,0,0,0,0,0,0,0,0,0,0,0,0,0,0,0,0,0,0,0,0,0,0,0,0,0,0,0,0,0,0,0,0,0,0,0,0,0,0,0,0,0,0,0,0,0,0,0,0,0,0,0,0,0,0,0,0,0,0,0,0,0,0,0,0,0,0,0,0,0,0,0,0,0,0,0,0,0,0,0,0,0,0,0,0,0,0,0,0,0,0
124.094893,120.254561,115.031701,116.079964,108.788168,110.773549,106.691287,98.249168,104.353251,110.088161,104.869998,109.287076,102.952541,102.735933,103.648465,103.167047,102.916649,101.531085,102.548771,101.563784,100.613139,100.990833,101.84698,102.082993,102.253952,102.952347,102.108667,102.882424,100.82546,100.539419,101.9843,101.948785,102.054883,102.283244,101.389956,102.556549,102.307657,102.007695,100.927842,101.987038,101.519235,102.322159,100.807745,101.446244,100.279227,100.833041,100.856716,101.905497,101.681663,100.821257,102.251956,102.511861,102.911595,102.889049,102.80557,102.387599,102.862354,102.721591,103.032452,102.901476,102.832633,102.387936,102.396802,102.38268,102.602246,102.319116,102.60473,102.281288,102.576606,102.403361,102.493303,102.433896,102.647311,102.699439,102.512524,102.940142,102.643532,102.580874,102.104,102.309942,102.501638,102.794278,102.198845,102.80442,102.571123,102.692372,102.946781,102.908495,102.818992,102.554643,102.819669,102.869866,103.813141,103.065929,103.625839,103.568702,103.236206,103.089952,103.110863,103.022394,103.05927,103.125916,103.055954,102.355575,102.788418,102.990894,102.875383,102.933905,102.73985,102.164903,102.49374,102.241883,102.432961,102.331504,102.701987,102.20362,102.215605,102.494393,102.152798,7.214126,5.132005,13.177246,16.994794,20.78822,27.480985,29.055198,21.502643,20.1771,19.661152,19.367795,18.766645,14.934579,17.0572,17.437192,15.969807,17.12609,18.419543,17.812036,18.560014,16.911999,15.113985,17.108959,16.925671,17.456063,17.825282,17.961354,18.02936,18.299565,17.505193,17.313513,17.665354,18.060104,18.975114,18.753043,17.233205,17.655843,17.125917,16.343893,16.193267,17.782549,19.226559,18.432962,17.814948,18.4992,18.039601,16.656053,16.418947,17.560247,16.891553,17.852365,17.979983,17.743985,17.995263,17.802721,17.832594,17.927724,17.501227,17.929311,18.133039,18.164796,18.478059,17.741229,18.040333,17.701145,18.106361,17.776352,17.432576,17.619852,17.851474,17.670886,17.90685,18.065064,18.026813,17.484226,17.409406,17.759553,17.733445,17.679908,17.925601,17.561534,17.598765,17.656086,17.774311,17.493625,17.968083,18.027264,18.115623,17.91091,17.457312,17.499668,18.004081,18.006972,17.906356,17.80393,17.764955,17.444929,17.323209,18.003958,17.803954,17.915265,17.65189,17.992563,18.136909,18.10455,17.928117,18.053074,17.859361,18.097199,17.714588,17.931623,18.077637,17.778647,17.71581,17.527711,17.915587,17.684811,17.648948,17.517618,0,0,0,0,0,0,0,0,0,0,0,0,0,0,0,0,0,0,0,0,0,0,0,0,0,0,0,0,0,0,0,0,0,0,0,0,0,0,0,0,0,0,0,0,0,0,0,0,0,0,0,0,0,0,0,0,0,0,0,0,0,0,0,0,0,0,0,0,0,0,0,0,0,0,0,0,0,0,0,0,0,0,0,0,0,0,0,0,0,0,0,0,0,0,0,0,0,0,0,0,0,0,0,0,0,0,0,0,0,0,0,0,0,0,0,0,0,0,0,10,10,10,10,10,10,10,10,10,10,10,10,10,10,10,10,10,10,10,10,10,10,10,10,10,10,10,10,10,10,10,10,10,10,10,10,10,10,10,10,10,10,10,10,10,10,10,10,10,10,10,10,10,10,10,10,10,10,10,10,10,10,10,10,10,10,10,10,10,10,10,10,10,10,10,10,10,10,10,10,10,10,10,10,10,10,10,10,10,10,10,10,10,10,10,10,10,10,10,10,10,10,10,10,10,10,10,10,10,10,10,10,10,10,10,10,10,10,10,0,0,0,0,0,0,0,0,0,0,0,0,0,0,0,0,0,0,0,0,0,0,0,0,0,0,0,0,0,0,0,0,0,0,0,0,0,0,0,0,0,0,0,0,0,0,0,0,0,0,0,0,0,0,0,0,0,0,0,0,0,0,0,0,0,0,0,0,0,0,0,0,0,0,0,0,0,0,0,0,0,0,0,0,0,0,0,0,0,0,0,0,0,0,0,0,0,0,0,0,0,0,0,0,0,0,0,0,0,0,0,0,0,0,0,0,0,0,0
0.829325,0.0,0.0,0.0,0.0,0.0,0.0,0.0,0.0,0.0,0.0,0.0,0.0,0.0,0.0,0.0,0.0,0.0,0.0,0.0,59.809611,65.0,65.0,65.0,65.0,65.0,65.0,65.0,65.0,65.0,65.0,65.0,65.0,65.0,65.0,65.0,65.0,65.0,65.0,65.0,0,0,0,0,0,0,0,0,0,0,0,0,0,0,0,0,0,0,0,0,10,10,10,10,10,10,10,10,10,10,10,10,10,10,10,10,10,10,10,10,0,0,0,0,0,0,0,0,0,0,0,0,0,0,0,0,0,0,0,0
74.371102,78.390348,81.187595,70.143443,70.143443,70.143443,70.143443,70.143443,70.143443,70.143443,70.143443,70.143443,70.143443,70.143443,70.143443,70.143443,70.143443,70.143443,70.143443,70.143443,49.642708,52.517418,57.915366,58.717974,58.717974,58.717974,58.717974,58.717974,58.717974,58.717974,58.717974,58.717974,58.717974,58.717974,58.717974,58.717974,58.717974,58.717974,58.717974,58.717974,0,0,0,0,0,0,0,0,0,0,0,0,0,0,0,0,0,0,0,0,10,10,10,10,10,10,10,10,10,10,10,10,10,10,10,10,10,10,10,10,0,0,0,0,0,0,0,0,0,0,0,0,0,0,0,0,0,0,0,0
74.189004,74.928566,69.030063,61.919393,66.615764,66.615764,66.615764,66.615764,66.615764,66.615764,66.615764,66.615764,66.615764,66.615764,66.615764,66.615764,66.615764,66.615764,66.615764,66.615764,115.092355,112.004072,117.725575,108.227452,112.680053,112.680053,112.680053,112.680053,112.680053,112.680053,112.680053,112.680053,112.680053,112.680053,112.680053,112.680053,112.680053,112.680053,112.680053,112.680053,0,0,0,0,0,0,0,0,0,0,0,0,0,0,0,0,0,0,0,0,10,10,10,10,10,10,10,10,10,10,10,10,10,10,10,10,10,10,10,10,0,0,0,0,0,0,0,0,0,0,0,0,0,0,0,0,0,0,0,0
30.953867,20.67857,19.048816,17.886642,29.882158,28.971542,29.001329,20.825552,19.096709,14.918475,18.554282,18.003193,19.153766,19.773429,20.181951,19.293637,18.815714,18.928549,18.692031,18.770852,19.889391,19.302674,17.958731,18.026397,18.946965,18.856123,18.93288,19.253946,17.901918,18.302387,19.113864,19.256034,18.072189,18.860151,18.414862,18.625673,17.693654,18.113258,19.20024,18.904882,18.103185,19.142725,18.427696,18.675265,18.923646,19.323746,19.620012,18.39815,19.348258,1.732944,11.13768,10.97128,15.354252,11.749238,8.040877,14.142027,11.000387,6.232616,8.001773,10.452563,10.006412,9.902151,8.734134,9.546536,8.635748,8.762611,9.109927,8.509293,9.969635,9.807888,10.521692,9.858537,9.021463,10.990535,9.978586,9.672709,10.580835,10.911544,9.998744,10.791282,10.21279,9.913173,11.070023,9.712588,9.827967,9.895064,9.922804,8.953877,9.768071,9.953753,10.729113,10.639929,10.014648,10.119863,9.506921,10.6095,10.011889,3.004265,0,0,0,0,0,0,0,0,0,0,0,0,0,0,0,0,0,0,0,0,0,0,0,0,0,0,0,0,0,0,0,0,0,0,0,0,0,0,0,0,0,0,0,0,0,0,0,0,0,10,10,10,10,10,10,10,10,10,10,10,10,10,10,10,10,10,10,10,10,10,10,10,10,10,10,10,10,10,10,10,10,10,10,10,10,10,10,10,10,10,10,10,10,10,10,10,10,10,0,0,0,0,0,0,0,0,0,0,0,0,0,0,0,0,0,0,0,0,0,0,0,0,0,0,0,0,0,0,0,0,0,0,0,0,0,0,0,0,0,0,0,0,0,0,0,0,0
75.232476,76.563926,71.370374,71.370374,71.370374,71.370374,71.370374,71.370374,71.370374,71.370374,71.370374,71.370374,71.370374,71.370374,71.370374,71.370374,71.370374,71.370374,71.370374,71.370374,74.700981,67.399469,71.947873,71.947873,71.947873,71.947873,71.947873,71.947873,71.947873,71.947873,71.947873,71.947873,71.947873,71.947873,71.947873,71.947873,71.947873,71.947873,71.947873,71.947873,0,0,0,0,0,0,0,0,0,0,0,0,0,0,0,0,0,0,0,0,10,10,10,10,10,10,10,10,10,10,10,10,10,10,10,10,10,10,10,10,0,0,0,0,0,0,0,0,0,0,0,0,0,0,0,0,0,0,0,0
85.538918,82.80823,84.125372,88.037849,92.105734,101.657296,112.546357,109.275973,110.851944,110.230135,109.096667,105.561336,99.297147,99.108801,99.400679,99.056386,99.032474,99.16474,98.989045,99.108879,99.016021,98.989742,98.983408,98.898453,98.744058,98.89532,99.011768,98.567599,99.076661,98.912832,98.780527,99.100848,99.01383,98.885555,98.826569,98.640644,98.954206,98.878502,98.932901,98.993012,98.76058,98.80601,99.06804,98.958473,99.118272,99.034667,99.092698,99.06336,98.886542,99.133899,99.026762,99.092803,98.935123,98.896063,98.976414,98.946885,98.854629,98.980423,99.103536,98.939077,98.960625,98.808046,98.891931,98.949638,98.896565,99.134095,98.976182,99.200343,99.391238,99.018558,99.039928,99.221559,99.175406,99.515134,99.097062,99.412507,99.258165,99.642859,99.533573,99.222418,99.110459,99.662754,99.131488,99.651089,98.256867,98.464557,98.945734,99.030623,98.896414,99.068092,99.28401,99.131932,98.925776,98.891026,98.873718,98.122363,98.9959,111.412488,124.318887,117.920482,109.807961,115.23685,116.865683,120.979505,124.127692,123.768459,113.968822,119.850308,120.393649,122.758595,122.92305,122.798878,122.920589,122.835393,122.733623,122.937683,122.820212,122.886601,122.660604,123.067017,122.962068,122.828899,122.974918,123.05206,123.136288,122.953673,122.924006,122.981818,122.885334,122.88142,123.004198,122.934806,122.884645,122.88454,122.948828,122.853539,122.379498,122.706922,122.941376,122.708426,122.417431,122.685516,122.755223,123.016034,122.851612,122.717859,122.552912,122.92749,122.810146,122.717882,122.879264,122.847842,122.348608,122.81815,122.74168,122.779067,122.821317,122.934993,123.079414,123.096213,123.079347,122.928065,123.042762,123.126588,123.426443,122.849298,123.261566,123.290446,123.004239,123.835489,123.60864,123.512145,123.046804,123.939432,123.549699,123.622565,123.505191,122.992244,123.392756,123.283919,123.604538,123.749779,123.546177,123.20984,123.380238,123.305321,123.724549,123.260601,123.345605,123.043188,123.770472,123.620464,123.796571,123.744206,0,0,0,0,0,0,0,0,0,0,0,0,0,0,0,0,0,0,0,0,0,0,0,0,0,0,0,0,0,0,0,0,0,0,0,0,0,0,0,0,0,0,0,0,0,0,0,0,0,0,0,0,0,0,0,0,0,0,0,0,0,0,0,0,0,0,0,0,0,0,0,0,0,0,0,0,0,0,0,0,0,0,0,0,0,0,0,0,0,0,0,0,0,0,0,0,0,10,10,10,10,10,10,10,10,10,10,10,10,10,10,10,10,10,10,10,10,10,10,10,10,10,10,10,10,10,10,10,10,10,10,10,10,10,10,10,10,10,10,10,10,10,10,10,10,10,10,10,10,10,10,10,10,10,10,10,10,10,10,10,10,10,10,10,10,10,10,10,10,10,10,10,10,10,10,10,10,10,10,10,10,10,10,10,10,10,10,10,10,10,10,10,10,10,0,0,0,0,0,0,0,0,0,0,0,0,0,0,0,0,0,0,0,0,0,0,0,0,0,0,0,0,0,0,0,0,0,0,0,0,0,0,0,0,0,0,0,0,0,0,0,0,0,0,0,0,0,0,0,0,0,0,0,0,0,0,0,0,0,0,0,0,0,0,0,0,0,0,0,0,0,0,0,0,0,0,0,0,0,0,0,0,0,0,0,0,0,0,0,0,0
35.10096,26.704167,22.826981,20.361497,13.840577,10.020477,0.0,0.0,0.0,0.0,0.0,0.0,0.0,0.0,0.0,0.0,0.0,0.0,0.0,0.0,32.226122,39.620093,38.596084,31.036342,35.089256,39.257699,38.0,38.0,38.0,38.0,38.0,38.0,38.0,38.0,38.0,38.0,38.0,38.0,38.0,38.0,0,0,0,0,0,0,0,0,0,0,0,0,0,0,0,0,0,0,0,0,10,10,10,10,10,10,10,10,10,10,10,10,10,10,10,10,10,10,10,10,0,0,0,0,0,0,0,0,0,0,0,0,0,0,0,0,0,0,0,0
30.064391,37.424129,37.30637,45.285715,53.319357,51.90361,56.781279,60.042824,59.305099,55.33482,58.862468,57.425216,56.894332,59.874629,64.19594,64.19594,64.19594,64.19594,64.19594,64.19594,116.247328,104.966497,106.500899,107.903535,111.805207,111.207101,116.602266,114.274604,115.797568,115.802168,110.157921,121.432384,111.626302,119.131607,120.509052,120.509052,120.509052,120.509052,120.509052,120.509052,0,0,0,0,0,0,0,0,0,0,0,0,0,0,0,0,0,0,0,0,10,10,10,10,10,10,10,10,10,10,10,10,10,10,10,10,10,10,10,10,0,0,0,0,0,0,0,0,0,0,0,0,0,0,0,0,0,0,0,0
0.0,0.0,0.0,0.0,0.0,1.0,0.0,0.0,1.0,2.0,0.0,0.0,0.0,0.0,0.0,0.0,0.0,0.0,0.0,0.0,0.0,0.0,0.0,0.0,0.0,0.0,0.0,0.0,127.0,127.0,127.0,127.0,127.0,127.0,127.0,127.0,127.0,127.0,127.0,127.0,127.0,127.0,127.0,127.0,127.0,127.0,127.0,127.0,127.0,127.0,127.0,127.0,126.0,125.0,126.0,127.0,0,0,0,0,0,0,0,0,0,0,0,0,0,0,0,0,0,0,0,0,0,0,0,0,0,0,0,0,10,10,10,10,10,10,10,10,10,10,10,10,10,10,10,10,10,10,10,10,10,10,10,10,10,10,10,10,0,0,0,0,0,0,0,0,0,0,0,0,0,0,0,0,0,0,0,0,0,0,0,0,0,0,0,0
24.0,31.46131,40.737962,52.708689,57.163194,66.36074,64.92077,72.909207,72.909207,72.909207,72.909207,72.909207,72.909207,72.909207,72.909207,72.909207,72.909207,72.909207,72.909207,72.909207,0.0,2.445905,3.161783,4.937579,7.060755,14.273087,22.040868,24.674314,24.674314,24.674314,24.674314,24.674314,24.674314,24.674314,24.674314,24.674314,24.674314,24.674314,24.674314,24.674314,0,0,0,0,0,0,0,0,0,0,0,0,0,0,0,0,0,0,0,0,10,10,10,10,10,10,10,10,10,10,10,10,10,10,10,10,10,10,10,10,0,0,0,0,0,0,0,0,0,0,0,0,0,0,0,0,0,0,0,0
57.037454,56.933481,58.473733,57.439724,57.6897,57.10871,57.526555,57.503511,57.234087,56.496406,56.176433,57.512425,56.996511,55.692286,56.309603,57.330697,56.627954,57.640396,57.536724,57.916619,56.128436,56.895729,57.078093,56.764189,56.225693,56.861595,57.291957,56.882164,57.245704,56.107309,55.253298,54.95559,56.693788,57.196286,56.262666,123.854913,124.749751,125.400212,125.063864,125.094277,124.87917,124.424259,124.793863,124.975147,125.911474,124.285208,123.527047,124.575155,123.834699,125.044502,124.858204,124.051671,123.710914,124.056985,123.353729,123.531514,122.079803,122.94779,123.276761,123.271474,123.712927,123.535035,124.549762,122.970018,123.768798,123.177471,123.690898,123.930903,123.761646,124.11838,0,0,0,0,0,0,0,0,0,0,0,0,0,0,0,0,0,0,0,0,0,0,0,0,0,0,0,0,0,0,0,0,0,0,0,10,10,10,10,10,10,10,10,10,10,10,10,10,10,10,10,10,10,10,10,10,10,10,10,10,10,10,10,10,10,10,10,10,10,10,0,0,0,0,0,0,0,0,0,0,0,0,0,0,0,0,0,0,0,0,0,0,0,0,0,0,0,0,0,0,0,0,0,0,0
125.373454,121.987788,127.0,127.0,123.370922,127.0,127.0,123.131913,124.881039,124.886683,126.414275,120.279599,113.795941,116.236923,112.581042,116.114303,109.013568,99.605563,98.055886,92.255003,92.650318,101.899051,105.190911,105.0,96.0,97.507579,98.0,97.0,94.984761,90.67276,83.498611,80.97528,83.761688,90.662349,90.517669,88.950964,85.674746,80.940349,72.736217,66.816014,63.970268,64.239981,0,0,0,0,0,0,0,0,0,0,0,0,0,0,0,0,0,0,0,0,0,10,10,10,10,10,10,10,10,10,10,10,10,10,10,10,10,10,10,10,10,10,0,0,0,0,0,0,0,0,0,0,0,0,0,0,0,0,0,0,0,0,0
