val_loss,train_loss,reduce_lr
0.6764131486415863,1.4026740030447642,0.005
0.7859691679477692,0.6277759852011998,0.005
0.5134538114070892,0.5559473373492558,0.005
0.3791925758123398,0.4782465261220932,0.005
0.36498184502124786,0.42873029291629794,0.005
0.3244386166334152,0.40757252494494123,0.005
0.37101776897907257,0.3598829940954844,0.005
0.36172375082969666,0.38579661746819816,0.005
0.4028655141592026,0.375113272468249,0.005
0.2814070135354996,0.3656106754144033,0.005
0.31761910021305084,0.32215168277422584,0.005
0.2829061597585678,0.27421605626742046,0.005
0.29422083497047424,0.26644630004962283,0.005
0.23110392689704895,0.26421201447645826,0.005
0.22039474546909332,0.24112498432397841,0.005
0.20838662981987,0.22370971292257308,0.005
0.1903752014040947,0.21735191841920218,0.005
0.2224181368947029,0.21486255000034968,0.005
0.19724398851394653,0.2077015842994054,0.005
0.19622432440519333,0.20738793144623438,0.005
0.19043795764446259,0.19794555485248566,0.005
0.19310703873634338,0.19678756366173425,0.005
0.16685164719820023,0.18809203098217647,0.005
0.1622440293431282,0.1799565476179123,0.005
0.1752401366829872,0.18958159844080608,0.005
0.17130672931671143,0.1837980177005132,0.005
0.16720101237297058,0.1782929293314616,0.005
0.16330789029598236,0.175426008105278,0.005
0.15844933688640594,0.17879710892836254,0.005
0.16368310153484344,0.17579922298590342,0.005
0.16661592572927475,0.1708861368894577,0.005
0.1639811471104622,0.1728492667277654,0.005
0.1516987755894661,0.17542171557744343,0.005
0.1698920950293541,0.1660723767677943,0.005
0.15935315191745758,0.17369841277599335,0.005
0.1853526458144188,0.17212164213260014,0.005
0.19773917645215988,0.1701703914999962,0.005
0.1553419679403305,0.17342812677224478,0.005
0.14957592636346817,0.16542675644159316,0.005
0.15100228786468506,0.15778673003117244,0.005
0.1487850621342659,0.16218979547421136,0.005
0.1640467792749405,0.15746618707974752,0.005
0.16296030580997467,0.16541944960753122,0.005
0.15267866104841232,0.16268715699513753,0.005
0.16651415079832077,0.16526181489229202,0.005
0.15448443591594696,0.16942127605279286,0.005
0.16051899641752243,0.157312355140845,0.005
0.1552279368042946,0.16753871232271195,0.005
0.1450163722038269,0.16607735534509024,0.005
0.1753140240907669,0.16842473576466244,0.005
0.1544082686305046,0.16663815051317216,0.005
0.15939423441886902,0.1691387775540352,0.005
0.3433917462825775,0.27283612976471583,0.005
0.17726022005081177,0.2267943114042282,0.005
0.18475117534399033,0.1935980142156283,0.005
0.16105444729328156,0.1801750773191452,0.005
0.16327745467424393,0.16685303250948588,0.005
0.26295629143714905,0.18563552190860114,0.0025
0.16237378120422363,0.18067058632771174,0.0025
0.1507323458790779,0.15913044273853302,0.0025
0.14892477542161942,0.15610169967015583,0.0025
0.14440757781267166,0.15207900365193686,0.0025
0.14020659774541855,0.14617918322483697,0.0025
0.14291604608297348,0.14764360805352528,0.0025
0.13975786417722702,0.14517554730176926,0.0025
0.13432719558477402,0.14795170505841573,0.0025
0.1398596614599228,0.1428654126326243,0.0025
0.1322426274418831,0.144835354189078,0.0025
0.13728347420692444,0.1445778818925222,0.0025
0.13907231390476227,0.14189499805370967,0.0025
0.1440136954188347,0.14506274759769439,0.0025
0.13219806551933289,0.14558471888303756,0.0025
0.1674598529934883,0.15140766829252242,0.0025
0.14196663349866867,0.14847223659356434,0.0025
0.1376083418726921,0.1512802955508232,0.0025
0.14354988187551498,0.14511662274599074,0.0025
0.13780338317155838,0.14467296848694483,0.0025
0.13439936935901642,0.14210988452037177,0.0025
0.13696996122598648,0.14009092996517816,0.0025
0.13361545652151108,0.1430318679412206,0.0025
0.13510790467262268,0.14022383878628414,0.0025
0.1454126164317131,0.14233008960882823,0.0025
0.13431093096733093,0.1439191734790802,0.0025
0.13800739496946335,0.14134883522987365,0.0025
0.1327144056558609,0.14233325093984603,0.0025
0.1383744776248932,0.14192587792873382,0.0025
0.13712352514266968,0.14049108197291693,0.0025
0.12938999384641647,0.13885045260190965,0.0025
0.13577444851398468,0.14445544590552648,0.0025
0.13731638342142105,0.14143350223700205,0.0025
0.12996955960988998,0.14080820302168529,0.0025
0.13385648280382156,0.13889157384634018,0.0025
0.13799963146448135,0.1393429818749428,0.0025
0.135445274412632,0.13935169716676077,0.0025
0.13555393368005753,0.1384946084022522,0.0025
0.13358928263187408,0.1396610289812088,0.0025
0.12934574484825134,0.13982087363799414,0.0025
0.14547567069530487,0.14011848956346512,0.0025
0.13763976097106934,0.14064267287651697,0.0025
0.13502786308526993,0.1388679473598798,0.0025
0.13169211149215698,0.1376692164937655,0.0025
0.14311327785253525,0.13804109384616217,0.0025
0.1308676227927208,0.14161538789669673,0.0025
0.13549692928791046,0.14232438713312148,0.0025
0.12684590369462967,0.1402140611410141,0.0025
0.138332337141037,0.13699897348880768,0.0025
0.1382465958595276,0.13959356943766277,0.0025
0.1277773529291153,0.14202309002478916,0.0025
0.14626425504684448,0.13856918454170228,0.0025
0.1320718452334404,0.13893980632225672,0.0025
0.1396384835243225,0.13929951339960098,0.0025
0.1414201706647873,0.1393175690372785,0.0025
0.14375260472297668,0.14594963749249776,0.0025
0.13430703431367874,0.1412542349100113,0.0025
0.12756338715553284,0.13869436611731847,0.0025
0.12886551767587662,0.13613966087500254,0.0025
0.13649298250675201,0.13762814740339915,0.0025
0.13495711237192154,0.1362503418326378,0.0025
0.13024665415287018,0.13574645727872847,0.0025
0.13627804815769196,0.1371402401725451,0.0025
0.13010373711585999,0.13493154873450597,0.0025
0.1348673477768898,0.13568963309129078,0.0025
0.1379690021276474,0.13765431423981986,0.0025
0.13919872790575027,0.13642487953106563,0.0025
0.13211631029844284,0.1378049498796463,0.0025
0.13408268988132477,0.13802713463703792,0.0025
0.13606277853250504,0.14179415891567865,0.0025
0.1352325975894928,0.13723989148934682,0.0025
0.13725350052118301,0.13753211985031763,0.0025
0.13509947061538696,0.13830925057331722,0.0025
0.13545967638492584,0.13817007025082906,0.0025
0.13370197266340256,0.13612221399943034,0.00125
0.12491177022457123,0.13014793246984482,0.00125
0.12450235337018967,0.12808295617500942,0.00125
0.12829232960939407,0.12878319149216017,0.00125
0.12164177000522614,0.12664632350206376,0.00125
0.1211419366300106,0.1268794010579586,0.00125
0.12911240011453629,0.1273686342438062,0.00125
0.12452265247702599,0.12751097589731217,0.00125
0.12195226922631264,0.12787875920534134,0.00125
0.12418567761778831,0.12715057596564294,0.00125
0.12056612223386765,0.12526782090465227,0.00125
0.12266851216554642,0.127486180216074,0.00125
0.11930987238883972,0.1266779898107052,0.00125
0.12769737839698792,0.1275307196378708,0.00125
0.1241672970354557,0.12731811592976253,0.00125
0.12439396977424622,0.12679406801859539,0.00125
0.12175746262073517,0.12736883327364923,0.00125
0.1232198029756546,0.1261896561086178,0.00125
0.1225154660642147,0.12559047107895216,0.00125
0.133059561252594,0.1259836026529471,0.00125
0.12451507151126862,0.12849113454421363,0.00125
0.12384941801428795,0.12605094224214553,0.000625
0.11949172988533974,0.12228956341743469,0.000625
0.12016274034976959,0.1211766231060028,0.000625
0.12091724947094917,0.12176368609070778,0.000625
0.12121794745326042,0.12111816252271335,0.000625
0.11932840943336487,0.12088609273235003,0.000625
0.1204330138862133,0.12118118211627006,0.000625
0.12122268229722977,0.12074637323617936,0.000625
0.11960341408848763,0.12019441728790602,0.000625
0.11879916116595268,0.12070067023237546,0.000625
0.1199958510696888,0.1202672282854716,0.000625
0.11841970309615135,0.11958657165368398,0.000625
0.11870890110731125,0.12026132951180141,0.000625
0.12159926816821098,0.11982991402347883,0.000625
0.11953820660710335,0.11940075784921646,0.000625
0.11792510002851486,0.1202521515885989,0.000625
0.1212334893643856,0.11981012870868048,0.000625
0.11805116757750511,0.11898439293106397,0.000625
0.11904578283429146,0.1189150603612264,0.000625
0.11961856111884117,0.11949567635854086,0.000625
0.11779257655143738,0.11922461022933324,0.000625
0.11706086993217468,0.11907082398732503,0.000625
0.11934376135468483,0.11810281599561373,0.000625
0.12085974588990211,0.11904390518863996,0.000625
0.12091081216931343,0.11957347725828489,0.000625
0.12004212290048599,0.11866798559824626,0.000625
0.12098031491041183,0.11987807343403499,0.000625
0.12010142207145691,0.11895445058743159,0.000625
0.12071692571043968,0.11843115617831548,0.000625
0.11906548961997032,0.11864745770891508,0.000625
0.11917464062571526,0.11852466960748037,0.000625
0.11951040476560593,0.11825923706094424,0.000625
0.11860014498233795,0.1179160784681638,0.000625
0.12035028636455536,0.11785882453123729,0.000625
0.11989302560687065,0.11781860957543056,0.000625
0.12172472104430199,0.11850569317738215,0.000625
0.11734212934970856,0.11806581666072209,0.000625
0.11736107990145683,0.1173611449698607,0.000625
0.12084740400314331,0.11826496228575706,0.000625
0.11838838458061218,0.1183958801627159,0.000625
0.117302805185318,0.1171447170774142,0.000625
0.11746242269873619,0.11742727607488632,0.000625
0.12078184634447098,0.11808554301659266,0.000625
0.11995290219783783,0.1173645468056202,0.000625
0.11934902518987656,0.11820705985029538,0.000625
0.1181197538971901,0.11773085619012515,0.000625
0.11970169842243195,0.11825321907798449,0.000625
0.11880408227443695,0.11727489585677783,0.000625
0.12076886743307114,0.11745339055856069,0.000625
0.11669134721159935,0.11735306868950526,0.000625
0.11765015870332718,0.11718539675076803,0.000625
0.11912953481078148,0.11648704106609027,0.000625
0.11898752674460411,0.11695648044347763,0.000625
0.12015130743384361,0.11715711489319801,0.000625
0.1186131164431572,0.11729938045144081,0.000625
0.11707234010100365,0.1172981791694959,0.000625
0.11787983775138855,0.1162636287510395,0.000625
0.11878353729844093,0.11660659000277519,0.000625
0.11949269473552704,0.11675887862841289,0.000625
0.11885439604520798,0.1172428159415722,0.000625
0.11795888841152191,0.11642472366491953,0.000625
0.12022930383682251,0.11615003560980161,0.000625
0.1195710077881813,0.11627402355273565,0.000625
0.11812272295355797,0.1161367550988992,0.000625
0.1185053363442421,0.11587429255247116,0.000625
0.11937668547034264,0.11658087333043417,0.000625
0.11805668100714684,0.11659166311224302,0.000625
0.12045658379793167,0.11645434513688087,0.000625
0.12017388641834259,0.11693877746661505,0.000625
0.11877220869064331,0.1176080384850502,0.000625
0.11823340132832527,0.11638974512616794,0.000625
0.11774474009871483,0.11599559177954992,0.000625
0.12220817059278488,0.11627522399028142,0.000625
0.11931148543953896,0.1163622111082077,0.000625
0.11828669905662537,0.11594902137915293,0.000625
0.11794420704245567,0.11575622061888377,0.000625
0.11746959388256073,0.11567521527409554,0.000625
0.11775558441877365,0.11591087018450101,0.000625
0.1185898557305336,0.11534615606069565,0.000625
0.11723030731081963,0.11609998524188996,0.000625
0.11884871125221252,0.11576437791188558,0.000625
0.11781412363052368,0.1155346205830574,0.000625
0.12081328779459,0.11677924985686938,0.000625
0.11859352886676788,0.1160892312725385,0.000625
0.11977092921733856,0.11586105485757192,0.000625
0.11872381716966629,0.11544461260239283,0.000625
0.11883081495761871,0.11525098646680514,0.000625
0.11720474436879158,0.11499904801448187,0.000625
0.11746902391314507,0.11550139163931211,0.000625
0.11705199629068375,0.11459849139054616,0.000625
0.11701637133955956,0.11483826438585917,0.000625
0.11826670914888382,0.11493252898255985,0.000625
0.11953750625252724,0.11549677218000094,0.000625
0.11821702495217323,0.11455212225516637,0.000625
0.11792333424091339,0.1147642054160436,0.000625
0.11877912282943726,0.1149838834007581,0.000625
0.11805937811732292,0.11474872827529907,0.000625
0.11760640144348145,0.11508315578103065,0.000625
0.11715548112988472,0.11552773882945379,0.000625
0.11984775960445404,0.11460991804798444,0.000625
0.11839256063103676,0.11506899168094,0.000625
0.11795758828520775,0.1147219151755174,0.000625
0.11873503401875496,0.11503534346818924,0.000625
0.11916069313883781,0.1145882481833299,0.000625
0.11667643114924431,0.11422039434313774,0.000625
0.11722049489617348,0.1145431921382745,0.000625
0.11723197996616364,0.11511259287595749,0.000625
0.11914793774485588,0.11511710435152053,0.000625
0.11752105131745338,0.11511350184679031,0.000625
0.11795858666300774,0.11498149345318476,0.000625
0.11827903240919113,0.11494934539000193,0.000625
0.11785215139389038,0.11459309458732606,0.000625
0.12030627578496933,0.1145503979921341,0.000625
0.11739148199558258,0.1151478137075901,0.000625
0.1183394230902195,0.11411158179243405,0.000625
0.11757707968354225,0.11458138366540273,0.000625
0.11727966740727425,0.11508188287417094,0.000625
0.11789518967270851,0.11502230063080787,0.000625
0.11727692559361458,0.11409284656246503,0.000625
0.12244513258337975,0.11508299926916758,0.000625
0.11701511219143867,0.11408670023083686,0.000625
0.11970619484782219,0.11405831967790922,0.000625
0.11810318380594254,0.11448107481002807,0.000625
0.11751139909029007,0.1147699889043967,0.000625
0.11889740079641342,0.11454086015621821,0.000625
0.11656168848276138,0.1139107062915961,0.000625
0.118982695043087,0.11318319117029509,0.000625
0.1189487874507904,0.1136543349424998,0.000625
0.1185978390276432,0.11389947230617205,0.000625
0.11789875850081444,0.1144980888068676,0.000625
0.11883226037025452,0.11387214769919714,0.000625
0.11632826924324036,0.11332111110289891,0.000625
0.11839616298675537,0.11325603609283764,0.000625
0.11735387519001961,0.11335673024257024,0.000625
0.11564569920301437,0.1140581676363945,0.000625
0.12107841670513153,0.11432122533520063,0.000625
0.1196768656373024,0.11392075777053833,0.000625
0.115573201328516,0.11339463373025259,0.0003125
0.1165110170841217,0.1113074812789758,0.0003125
0.11591261252760887,0.11131515100598335,0.0003125
0.11679759249091148,0.11133739858865738,0.0003125
0.11523288115859032,0.11132517536481222,0.0003125
0.11531753093004227,0.11099310596783955,0.0003125
0.11588244512677193,0.1108939903974533,0.0003125
0.11530113965272903,0.11092438995838165,0.0003125
0.11577850952744484,0.11088446085651715,0.0003125
0.11696737632155418,0.1109488308429718,0.0003125
0.11628606542944908,0.11119968776901563,0.0003125
0.11560100317001343,0.11101775919397672,0.0003125
0.11761098355054855,0.11106779580314954,0.0003125
0.11547055840492249,0.11074136321743329,0.0003125
0.11516836658120155,0.11068686912457149,0.0003125
0.11500504985451698,0.1107975758612156,0.0003125
0.11600714549422264,0.1110037986934185,0.0003125
0.11685876920819283,0.11066606014966965,0.0003125
0.11728248745203018,0.1104894882440567,0.0003125
0.11683284863829613,0.1106997326016426,0.0003125
0.11602313444018364,0.11094350010156631,0.0003125
0.11719448119401932,0.11058055465420087,0.0003125
0.1161966547369957,0.11046168049176534,0.0003125
0.11541468277573586,0.11030960882703464,0.0003125
0.11592593044042587,0.11053855081399282,0.0003125
0.1170036569237709,0.11019870668649673,0.0003125
0.11695394292473793,0.11043664693832397,0.0003125
0.1159585453569889,0.11025255446632704,0.0003125
0.11696901172399521,0.1101893459757169,0.0003125
0.11492661759257317,0.11052697951594989,0.0003125
0.11620443686842918,0.11029459650317829,0.0003125
0.11431406810879707,0.1101221023996671,0.0003125
0.11850107461214066,0.11001534879207611,0.0003125
0.11586609110236168,0.11008498102426528,0.0003125
0.1144552193582058,0.10998978311816851,0.0003125
0.11634091660380363,0.10982663542032242,0.0003125
0.11549463495612144,0.10963742961486181,0.0003125
0.11572599783539772,0.11012681687871616,0.0003125
0.11694902554154396,0.11014813408255578,0.0003125
0.11521236225962639,0.10985778212547302,0.0003125
0.11596059799194336,0.10989708205064137,0.0003125
0.11466804146766663,0.11005524848898252,0.0003125
0.11552738398313522,0.10978535264730453,0.0003125
0.11724452301859856,0.11003546858827273,0.0003125
0.11690590158104897,0.10980313047766685,0.0003125
0.11423453688621521,0.11010894020398458,0.0003125
0.11629382520914078,0.10964549824595451,0.0003125
0.11777052655816078,0.10946934223175049,0.0003125
0.11550768464803696,0.1095986217757066,0.0003125
0.11471472680568695,0.10959092592199643,0.0003125
0.11435458809137344,0.10942440549532573,0.0003125
0.11595459282398224,0.10950125520428022,0.0003125
0.11646711826324463,0.10945964033404985,0.0003125
0.11684765294194221,0.1094277251760165,0.0003125
0.11551578715443611,0.10956219395001729,0.0003125
0.11532916873693466,0.10916844656070074,0.0003125
0.11570946499705315,0.10959268972277642,0.0003125
0.11553189158439636,0.10921406641602516,0.0003125
0.11593347787857056,0.10956356863180797,0.0003125
0.1159779503941536,0.10922290603319804,0.0003125
0.11750596016645432,0.10951958626508712,0.0003125
0.11546061187982559,0.10952964598933855,0.0003125
0.1171625666320324,0.10901854808131854,0.0003125
0.11755113303661346,0.10931148702899615,0.0003125
0.11652356386184692,0.10911835864186287,0.0003125
0.1162782683968544,0.10931962698698044,0.0003125
0.11663619428873062,0.10899501591920853,0.0003125
0.11556443944573402,0.10921128571033478,0.0003125
0.11728575080633163,0.10935524294773738,0.0003125
0.11456171050667763,0.10900148540735245,0.0003125
0.11605173349380493,0.10903091490268707,0.0003125
0.11695228517055511,0.10912129824360212,0.0003125
0.11605795472860336,0.10903626138965289,0.0003125
0.11542084813117981,0.1089825480679671,0.0003125
0.11614478752017021,0.10911525840560596,0.0003125
0.11625094711780548,0.10917888889710109,0.0003125
0.11590726673603058,0.10868307888507843,0.0003125
0.11571842804551125,0.10906396001577377,0.0003125
0.11482406407594681,0.10890172685186068,0.0003125
0.11708209663629532,0.10893362780412039,0.0003125
0.11552385240793228,0.10869908099373182,0.0003125
0.11520940065383911,0.10864007711410523,0.0003125
0.1167520172894001,0.10892100875576337,0.0003125
0.11608624458312988,0.10876024767756462,0.0003125
0.11503449827432632,0.10918494984507561,0.0003125
0.11603011190891266,0.10877243037025133,0.0003125
0.11591701582074165,0.10868468244870504,0.0003125
0.11604399234056473,0.10886807829141616,0.0003125
0.11716948822140694,0.10868306810657183,0.0003125
0.11528834700584412,0.1089080381890138,0.0003125
0.11543319001793861,0.10871832405527433,0.0003125
0.11577167361974716,0.10847638666629791,0.0003125
0.1156691163778305,0.10848628828922907,0.0003125
0.11671681702136993,0.10860039954384168,0.0003125
0.11585721373558044,0.10848619411389034,0.0003125
0.11570695415139198,0.1088281866411368,0.0003125
0.1166912280023098,0.10855407779415449,0.0003125
0.11589272692799568,0.10869480912884076,0.0003125
0.11504523456096649,0.10847920830051104,0.0003125
0.11555629968643188,0.10837052285671234,0.0003125
0.11579615622758865,0.10825949832797051,0.0003125
0.11558402329683304,0.10845011924703916,0.0003125
0.11503483355045319,0.10884011055032412,0.0003125
0.11587972193956375,0.10849204023679097,0.0003125
0.11610903218388557,0.10846072177092235,0.0003125
0.11609997600317001,0.1083476252357165,0.0003125
0.11591159552335739,0.10845916499694189,0.0003125
0.11677036434412003,0.1083172029753526,0.0003125
0.11551281064748764,0.10841106057167053,0.0003125
0.11617790162563324,0.10834512556592624,0.0003125
0.11652310937643051,0.10859976222117741,0.0003125
0.11597875505685806,0.1081908226509889,0.0003125
0.1161830946803093,0.10866751591364543,0.0003125
0.11762205138802528,0.10806750526030859,0.0003125
0.1156310997903347,0.1086508456369241,0.0003125
0.1159214973449707,0.1085929349064827,0.0003125
0.1162307895720005,0.10809902961055438,0.0003125
0.11614429578185081,0.10830786342422168,0.0003125
0.11557100340723991,0.10835350473721822,0.0003125
0.1163775883615017,0.108116863767306,0.0003125
0.11669589206576347,0.10830961465835572,0.0003125
0.11675355210900307,0.10810739010572433,0.0003125
0.11628701165318489,0.10879533191521963,0.0003125
0.11698994040489197,0.10831260884801547,0.0003125
0.11822135746479034,0.10790446450312932,0.0003125
0.11662188172340393,0.10810959552725156,0.0003125
0.11482944712042809,0.10796946485837301,0.0003125
0.11565617844462395,0.10800790374477705,0.0003125
0.11657943576574326,0.1082544123629729,0.0003125
0.11641965806484222,0.10827650288740794,0.0003125
0.11666768789291382,0.10829942539334297,0.0003125
0.11660133302211761,0.10804255808393161,0.0003125
0.11684594675898552,0.10809972802797953,0.0003125
0.1158447302877903,0.10791151066621145,0.0003125
0.11674241349101067,0.10778447896242142,0.0003125
0.11566787958145142,0.10794498006502787,0.0003125
0.11580073833465576,0.10770344520608584,0.0003125
0.11729764938354492,0.10794635171691577,0.0003125
0.11713549122214317,0.10778946712613106,0.0003125
0.11653861403465271,0.10763379936416943,0.0003125
0.11681975051760674,0.10768106798330943,0.0003125
0.11519594490528107,0.10770487740635871,0.0003125
0.11708703637123108,0.1077585320174694,0.0003125
0.11554969847202301,0.1079188346862793,0.0003125
0.11772839725017548,0.10796727831164996,0.0003125
0.11607399582862854,0.10742497339844703,0.0003125
0.11713121831417084,0.1077583924929301,0.0003125
0.11786530539393425,0.10743286296725273,0.0003125
0.1174250990152359,0.10759672299027442,0.0003125
0.11773928627371788,0.10752256641785304,0.0003125
0.11649110913276672,0.10788223097721736,0.0003125
0.11856859922409058,0.1074817352493604,0.0003125
0.11671257019042969,0.10769900252421696,0.0003125
0.1159897893667221,0.10769590998689334,0.0003125
0.11516434326767921,0.10774840876460075,0.0003125
0.11659513786435127,0.1077583002547423,0.0003125
0.11768941953778267,0.10747186218698819,0.00015625
0.11658795177936554,0.10648925319314002,0.00015625
0.11596290394663811,0.10627968723575275,0.00015625
0.11661424487829208,0.10643494397401809,0.00015625
0.11568835750222206,0.10627486606438954,0.00015625
0.11699274927377701,0.10619959274927775,0.00015625
0.11495939269661903,0.10638906011978785,0.00015625
0.11482752487063408,0.10609838167826334,0.00015625
0.11509554833173752,0.10612150559822718,0.00015625
0.11581915244460106,0.10616964677969615,0.00015625
0.11556754633784294,0.10616584767897924,0.00015625
0.11513994261622429,0.10615483130017916,0.00015625
0.11533794552087784,0.10604853416482607,0.00015625
0.11531355604529381,0.10614332616329193,0.00015625
0.1161951795220375,0.10623822564880053,0.00015625
0.11602776497602463,0.10586284632484118,0.00015625
0.11657750979065895,0.10598141531149546,0.00015625
0.1154911257326603,0.10596150636672974,0.00015625
0.11572584137320518,0.10578489984075229,0.00015625
0.11520519852638245,0.10578165521224339,0.00015625
0.11507759243249893,0.10583758935332298,0.00015625
0.11634540930390358,0.10597979923089346,0.00015625
0.11592746526002884,0.10598660960793495,0.00015625
0.11585109308362007,0.10588418463865916,0.00015625
0.11731898412108421,0.10590681354204813,0.00015625
0.1150381751358509,0.1061911961932977,0.00015625
0.11599153652787209,0.10580591132243475,0.00015625
0.11688104644417763,0.10568909188111623,0.00015625
0.11514465883374214,0.10583246315519015,0.00015625
0.11440654844045639,0.10574708526333174,0.00015625
0.11658158898353577,0.10576024586955707,0.00015625
0.11521314084529877,0.10573011914889018,0.00015625
0.11583065614104271,0.10567677333950996,0.00015625
0.11484743654727936,0.10576952248811722,0.00015625
0.11594396829605103,0.1057812591890494,0.00015625
0.11570090055465698,0.10576884766419728,0.00015625
0.11580964177846909,0.10569577490290007,0.00015625
0.11531458795070648,0.10557405312856039,0.00015625
0.11697956174612045,0.1056179392337799,0.00015625
0.1149449571967125,0.10573846355080604,0.00015625
0.11511897295713425,0.10570532992482186,0.00015625
0.11524960026144981,0.10548655822873115,0.00015625
0.11577634513378143,0.10565599992871284,0.00015625
0.1169377863407135,0.10547725657622019,0.00015625
0.11536545678973198,0.10548081974188486,0.00015625
0.11488338187336922,0.10553188636898994,0.00015625
0.11599767953157425,0.10550881226857503,0.00015625
0.1151081882417202,0.10560889919598897,0.00015625
0.11530104652047157,0.1055329518020153,0.00015625
0.11712260916829109,0.10555888772010803,0.00015625
0.11654449626803398,0.10547686144709587,0.00015625
0.11563291773200035,0.10544982756177584,0.00015625
0.11541665717959404,0.10549719100197157,0.00015625
0.11583082750439644,0.10541478921969731,0.00015625
0.11627811565995216,0.1055227197209994,0.00015625
0.1162911206483841,0.10549357329805692,0.00015625
0.11488375067710876,0.10523535991708438,0.00015625
0.11624914407730103,0.10547624553243319,0.00015625
0.11470581963658333,0.1054761957625548,0.00015625
0.11577507853507996,0.10539844363927842,0.00015625
0.1155877336859703,0.10539529825250307,0.00015625
0.11500458419322968,0.10526704639196396,0.00015625
0.11575333774089813,0.10542310019334157,0.00015625
0.11553581058979034,0.1054206649462382,0.00015625
0.11602406203746796,0.10560913632313411,0.00015625
0.11588563397526741,0.10518509164452552,0.00015625
0.1151779294013977,0.10539938628673554,0.00015625
0.1158514954149723,0.10535643994808197,0.00015625
0.11644652113318443,0.10527693519989649,0.00015625
0.11669912934303284,0.10529116267959276,0.00015625
0.11501423642039299,0.10525558268030484,0.00015625
0.11429814249277115,0.10526903048157692,0.00015625
0.11713560298085213,0.10531511634588242,0.00015625
0.11648467928171158,0.10554174477855365,0.00015625
0.11549301818013191,0.10515861590703328,0.00015625
0.11560865119099617,0.10524202133218448,0.00015625
0.11632131040096283,0.10516407425204913,0.00015625
0.11557929962873459,0.10520613213380178,0.00015625
0.11563374474644661,0.1052965954442819,0.00015625
0.1161065436899662,0.10524992307027181,0.00015625
0.11610756069421768,0.10514578754703204,0.00015625
0.11642542481422424,0.10523324648539226,0.00015625
0.11674609407782555,0.10534957066178322,0.00015625
0.11554713547229767,0.10553594599167505,0.00015625
0.11568566784262657,0.10504182795683543,0.00015625
0.11613847315311432,0.10523461282253266,0.00015625
0.11665800958871841,0.10509341234962145,0.00015625
0.11527235433459282,0.10513633767763773,0.00015625
0.11479377374053001,0.10501775771379471,0.00015625
0.11688213422894478,0.10514899343252182,0.00015625
0.11547230184078217,0.10505470325549443,0.00015625
0.1152166835963726,0.10493183652559916,0.00015625
0.11616411432623863,0.10518285344044367,0.00015625
0.11631825938820839,0.1050367945432663,0.00015625
0.11578823626041412,0.10506441324949264,0.00015625
0.11550970375537872,0.10498498678207398,0.00015625
0.11614521220326424,0.10499888549248378,0.00015625
0.11504287645220757,0.10496384074290593,0.00015625
0.11709005013108253,0.10482854808370272,0.00015625
0.11646059155464172,0.10506976733605067,0.00015625
0.11622853577136993,0.1050298855205377,0.00015625
0.11525969579815865,0.10483224267760913,0.00015625
0.11582353338599205,0.10492547323306402,0.00015625
0.11654522269964218,0.10485496421655019,0.00015625
0.11590519919991493,0.10480589404702187,0.00015625
0.1164683848619461,0.10477375720938047,0.00015625
0.11661781370639801,0.10481775333484014,0.00015625
0.11569801717996597,0.10508132502436637,0.00015625
0.11497652530670166,0.10484075094262758,0.00015625
0.11592081934213638,0.10478573272625605,0.00015625
0.11536051332950592,0.10474776764710744,0.00015625
0.11780044808983803,0.10473803679148357,0.00015625
0.11541842669248581,0.1049640029668808,0.00015625
0.11493867635726929,0.10477815305193265,0.00015625
0.116903156042099,0.10495852753520012,0.00015625
0.1166563555598259,0.10471595247586568,0.00015625
0.11599433049559593,0.10487678269545238,0.00015625
0.11648676544427872,0.10475130235155423,0.00015625
0.11614495888352394,0.10478435079256694,0.00015625
0.11536774784326553,0.10468829840421677,0.00015625
0.11533593758940697,0.10504769196112951,0.00015625
0.11578070372343063,0.10493968317906062,0.00015625
0.11703437939286232,0.1047534029185772,0.00015625
0.11642003059387207,0.11077580034732819,0.00015625
0.11584760621190071,0.10454587092002234,0.00015625
0.11532565951347351,0.10488813747962315,0.00015625
0.11620087549090385,0.10480549454689025,0.00015625
0.11558330431580544,0.10472461000084878,0.00015625
0.11646576225757599,0.10468898067871729,0.00015625
0.11643600091338158,0.10466684858004252,0.00015625
0.11653060466051102,0.10468158682187398,0.00015625
0.11535992473363876,0.10444433078169822,0.00015625
0.11575338989496231,0.10470220724741618,0.00015625
0.11597901582717896,0.10443207045396169,0.00015625
0.11700346320867538,0.10462242960929871,0.00015625
0.11572100967168808,0.10456139460206032,0.00015625
0.1158287338912487,0.10454041421413422,0.00015625
0.11557744443416595,0.1045841379960378,0.00015625
0.11669490113854408,0.10451977377136548,0.00015625
0.1154906339943409,0.10456465527415276,0.00015625
0.11601824685931206,0.10445795789361,0.00015625
0.11544561013579369,0.10500470449527105,0.00015625
0.11498434096574783,0.10504492978254953,0.00015625
0.11486443504691124,0.10489626248677572,0.00015625
0.11626412719488144,0.10471228073040645,7.8125e-05
0.11505250260233879,0.10398700644572575,7.8125e-05
0.11495416238904,0.10393256425857544,7.8125e-05
0.11520111188292503,0.103895343542099,7.8125e-05
0.11579079180955887,0.10392674272259077,7.8125e-05
0.11592057347297668,0.10385662411650022,7.8125e-05
0.11468186229467392,0.10393889447053274,7.8125e-05
0.11563760042190552,0.10385727708538374,7.8125e-05
0.11563901603221893,0.10377081503470739,7.8125e-05
0.11576861143112183,0.10375954811771711,7.8125e-05
0.11500866338610649,0.1037028423945109,7.8125e-05
0.11640023440122604,0.10375847687323889,7.8125e-05
0.11571407318115234,0.10385863994558653,7.8125e-05
0.11504224687814713,0.10376046215494474,7.8125e-05
0.11552897468209267,0.1037895356118679,7.8125e-05
0.1168096512556076,0.10377844542264938,7.8125e-05
0.11565005779266357,0.10364454597234726,7.8125e-05
0.11539660021662712,0.10373061994711558,7.8125e-05
0.11595376580953598,0.10373559246460597,7.8125e-05
0.11515702307224274,0.10367377628882726,7.8125e-05
0.11618708819150925,0.10361187612016996,7.8125e-05
0.11525597795844078,0.10361021781961123,7.8125e-05
0.11550752073526382,0.10372685268521309,7.8125e-05
0.11639774218201637,0.10358738303184509,7.8125e-05
0.11486859619617462,0.10367365812261899,7.8125e-05
0.11519970372319221,0.1036661106844743,7.8125e-05
0.11534765362739563,0.10357091585795085,7.8125e-05
0.11663981899619102,0.10348478749394417,7.8125e-05
0.11620033904910088,0.10361355488499005,7.8125e-05
0.11516507714986801,0.10362640316287676,7.8125e-05
0.11585158854722977,0.10349583501617114,7.8125e-05
0.1148698665201664,0.10358449478944143,7.8125e-05
0.11576357111334801,0.10348447650671005,7.8125e-05
0.11536823585629463,0.10361023599902788,7.8125e-05
0.11612048372626305,0.10369177177548408,7.8125e-05
0.11447366327047348,0.10367075954874357,7.8125e-05
0.11553541198372841,0.10364375412464141,7.8125e-05
0.11596818640828133,0.10355313857396443,7.8125e-05
0.11615866795182228,0.10365483954548836,3.90625e-05
0.11604450643062592,0.10329363783200582,3.90625e-05
0.1156017817556858,0.10321674038966497,3.90625e-05
0.11601975560188293,0.10318423062562943,3.90625e-05
0.11543683335185051,0.10307496304313342,3.90625e-05
0.11550754308700562,0.10317791198690732,3.90625e-05
0.11578111350536346,0.10324898600578308,3.90625e-05
0.11641339585185051,0.10325180913011232,3.90625e-05
0.11616966500878334,0.10314979379375776,3.90625e-05
0.11554939672350883,0.10313026388486227,3.90625e-05
0.11539424955844879,0.10370565861463547,3.90625e-05
0.11523701623082161,0.10315352280934652,3.90625e-05
0.1154794991016388,0.1031557697057724,3.90625e-05
0.11523366719484329,0.10306809077660242,3.90625e-05
0.11477354168891907,0.10311899984876315,3.90625e-05
0.11548753082752228,0.10311142588655153,1.953125e-05
0.11539103835821152,0.10295128797491392,1.953125e-05
0.11575648561120033,0.10291102841496468,1.953125e-05
0.11485827714204788,0.10295347521702448,1.953125e-05
0.11568979546427727,0.10291427448391914,1.953125e-05
0.11516270413994789,0.10284610042969386,1.953125e-05
0.11511192098259926,0.10295984178781509,1.953125e-05
0.11515066027641296,0.10295936023195584,1.953125e-05
0.11469686031341553,0.10290389135479927,1.953125e-05
0.11509867012500763,0.1028811007241408,1.953125e-05
0.11563115566968918,0.10287386725346247,1.953125e-05
0.11487643420696259,0.1029129832983017,1.953125e-05
0.11508894339203835,0.10287454540530841,1.953125e-05
0.11508600786328316,0.10299979493021966,1.953125e-05
0.11459833011031151,0.10295015275478363,1.953125e-05
0.11521745845675468,0.10288453852136929,1.953125e-05
0.11463846266269684,0.10293404206633568,9.765625e-06
0.11439216881990433,0.10278342033425968,9.765625e-06
0.1156718097627163,0.10279880647857983,9.765625e-06
0.1157352477312088,0.10273039465149243,9.765625e-06
0.1157960593700409,0.1027863697707653,9.765625e-06
0.1155087910592556,0.10278461039066315,9.765625e-06
0.11501886695623398,0.1027673993508021,9.765625e-06
0.11569064110517502,0.10284129252036413,9.765625e-06
0.11529634147882462,0.10286223123470942,9.765625e-06
0.11617721617221832,0.10278520211577416,9.765625e-06
0.1161418966948986,0.10277470772465071,9.765625e-06
0.11581730842590332,0.10275027558207511,9.765625e-06
0.11568069458007812,0.10276203110814094,9.765625e-06
0.11556978523731232,0.10284060488144557,9.765625e-06
0.11567113175988197,0.10283025120695433,4.8828125e-06
0.11498476192355156,0.10273196741938591,4.8828125e-06
0.11589586734771729,0.10276945104201635,4.8828125e-06
0.11585897579789162,0.10273301218946775,4.8828125e-06
0.11564940214157104,0.10278760472933451,4.8828125e-06
0.11598366498947144,0.10275874028603237,4.8828125e-06
0.11513429135084152,0.10263375495870908,4.8828125e-06
0.11571994051337242,0.10272471874952316,4.8828125e-06
0.1141200065612793,0.10264093697071075,4.8828125e-06
0.11608320847153664,0.1027987302839756,4.8828125e-06
0.1150725707411766,0.10268282408515612,4.8828125e-06
0.1155894473195076,0.10273446237047514,4.8828125e-06
0.11559852957725525,0.10268825178345044,4.8828125e-06
0.11516845598816872,0.10268649026751518,4.8828125e-06
0.11540644988417625,0.10270360663533211,4.8828125e-06
0.11542801558971405,0.10266601060827574,4.8828125e-06
0.11457717418670654,0.10268416071931522,4.8828125e-06
0.1147405244410038,0.10271104445060095,2.44140625e-06
0.11595602706074715,0.10270244866609574,2.44140625e-06
0.1159089133143425,0.10266819983720779,2.44140625e-06
0.11648846045136452,0.10262549181779225,2.44140625e-06
0.11532329767942429,0.10270819435516994,2.44140625e-06
0.11540615186095238,0.10264605611562728,2.44140625e-06
0.11507140845060349,0.10280172487099966,2.44140625e-06
0.11464527249336243,0.10263956641157468,2.44140625e-06
0.11677798628807068,0.10269059151411057,2.44140625e-06
0.11597887054085732,0.10267884905139606,2.44140625e-06
0.11599737405776978,0.10261543273925781,2.44140625e-06
0.11499165371060371,0.10260903606812159,2.44140625e-06
0.11647311598062515,0.1027374911804994,2.44140625e-06
0.1149781122803688,0.10258620222409566,2.44140625e-06
0.11541493982076645,0.10266253973046939,2.44140625e-06
0.11546894907951355,0.10273769984642665,2.44140625e-06
0.11581448838114738,0.10268783316016197,2.44140625e-06
0.11497490480542183,0.10266954143842061,2.44140625e-06
0.11595714464783669,0.10268817782402039,2.44140625e-06
0.11572272330522537,0.10264940927426021,2.44140625e-06
0.11539653316140175,0.10267675682902336,2.44140625e-06
0.11539449915289879,0.10261518741647402,2.44140625e-06
0.1153457723557949,0.1027407326300939,2.44140625e-06
0.1149190105497837,0.10263620247443517,2.44140625e-06
0.11485481634736061,0.1026763933400313,1.220703125e-06
0.11550463736057281,0.10272122283776601,1.220703125e-06
0.11503821238875389,0.10264232804377874,1.220703125e-06
0.11548313498497009,0.10269573325912158,1.220703125e-06
0.1152588315308094,0.10260570724805196,1.220703125e-06
0.11499419808387756,0.10265751789013544,1.220703125e-06
0.11565230786800385,0.10260052442550659,1.220703125e-06
0.11475593596696854,0.10263734991351764,1.220703125e-06
0.11529344320297241,0.10263167644540469,1.220703125e-06
0.11504816636443138,0.1026153714954853,1.220703125e-06
0.114857979118824,0.10265786811709404,1.220703125e-06
0.11575686186552048,0.10263804793357849,6.103515625e-07
0.11497457325458527,0.10262466594576836,6.103515625e-07
0.11592553555965424,0.10260092208782833,6.103515625e-07
0.11578981950879097,0.10258695935209593,6.103515625e-07
0.11566699296236038,0.10259098341067632,6.103515625e-07
0.11569378152489662,0.10274598861734073,6.103515625e-07
0.11576072871685028,0.10262299194931984,6.103515625e-07
0.11547816172242165,0.10258508210380872,6.103515625e-07
0.11559706926345825,0.10262249186635017,6.103515625e-07
0.11523635685443878,0.1026343779762586,6.103515625e-07
0.11516374722123146,0.10260269050796826,6.103515625e-07
0.1146615520119667,0.1025818615158399,3.0517578125e-07
0.11575498059391975,0.10257505680123966,3.0517578125e-07
0.11497685313224792,0.10265664329131444,3.0517578125e-07
0.11490623280405998,0.10265572508176168,3.0517578125e-07
0.11513208970427513,0.10260204563538233,3.0517578125e-07
0.11535907164216042,0.10271471306681633,3.0517578125e-07
0.11577234417200089,0.10254181047280629,3.0517578125e-07
0.11522307619452477,0.10261313701669375,3.0517578125e-07
0.11539603397250175,0.10256848017374674,3.0517578125e-07
0.11557607352733612,0.10254537180066109,3.0517578125e-07
0.1152835413813591,0.10254522651433945,3.0517578125e-07
0.11527632921934128,0.10261536657810211,3.0517578125e-07
0.11501238867640495,0.10265287841359774,3.0517578125e-07
0.1146600991487503,0.10264391904075941,3.0517578125e-07
0.11592712998390198,0.10257324621081353,3.0517578125e-07
0.11465638875961304,0.1025950482984384,3.0517578125e-07
0.11546122282743454,0.10264842475454013,3.0517578125e-07
0.1156584694981575,0.10260144511858622,1.52587890625e-07
0.11518988758325577,0.10262814924120903,1.52587890625e-07
0.1149451956152916,0.1026310756802559,1.52587890625e-07
0.11581471189856529,0.10259919926524162,1.52587890625e-07
0.11528250947594643,0.10265448982516924,1.52587890625e-07
0.11495581641793251,0.10259907146294912,1.52587890625e-07
0.11572743207216263,0.10267978693048159,1.52587890625e-07
0.11417944729328156,0.10265054767330488,1.52587890625e-07
0.11507339403033257,0.10259170547127723,1.52587890625e-07
0.11449147015810013,0.10258364006876945,1.52587890625e-07
0.11539953574538231,0.10250451117753982,1.52587890625e-07
0.11561911553144455,0.10266069089372953,1.52587890625e-07
0.11554412543773651,0.10258158753315608,1.52587890625e-07
0.11616028472781181,0.10259743258357049,1.52587890625e-07
0.11532944440841675,0.1025896821419398,1.52587890625e-07
0.11490071564912796,0.10263851682345072,1.52587890625e-07
0.1152544729411602,0.10263323833545049,1.52587890625e-07
0.11537188664078712,0.10252484440803528,1.52587890625e-07
0.11455081403255463,0.10259035378694534,1.52587890625e-07
0.1157517246901989,0.10256264870365461,1.52587890625e-07
0.11545843258500099,0.10257117182016373,1.52587890625e-07
0.11600866913795471,0.1026489012936751,7.62939453125e-08
0.11609911918640137,0.10579327553510666,7.62939453125e-08
0.116048414260149,0.10260904426376025,7.62939453125e-08
0.11542906612157822,0.10259025956193606,7.62939453125e-08
0.1151953712105751,0.10260190059741338,7.62939453125e-08
0.11609874665737152,0.10254677191376686,7.62939453125e-08
0.11557089909911156,0.10259174237648647,7.62939453125e-08
0.11607745662331581,0.10256540233890216,7.62939453125e-08
0.11498172208666801,0.10263657763600349,7.62939453125e-08
0.11504879221320152,0.10260755146543185,7.62939453125e-08
0.11481714248657227,0.10261593053738276,7.62939453125e-08
0.11599868535995483,0.10260293041666349,3.814697265625e-08
0.11581005901098251,0.10257670407493909,3.814697265625e-08
0.11497106030583382,0.10267850602666537,3.814697265625e-08
0.11531218886375427,0.1026393832763036,3.814697265625e-08
0.1160256676375866,0.10255336453517278,3.814697265625e-08
0.11434754356741905,0.1026319001118342,3.814697265625e-08
0.11475707218050957,0.10261629730463027,3.814697265625e-08
0.11503510549664497,0.10262066965301832,3.814697265625e-08
0.11595943197607994,0.10259032651782035,3.814697265625e-08
0.11534867063164711,0.10261380876104037,3.814697265625e-08
0.11594931781291962,0.10261769920587539,3.814697265625e-08
0.11504454910755157,0.10258896936972936,1.9073486328125e-08
0.11528583243489265,0.10257001678148905,1.9073486328125e-08
0.11539801582694054,0.10266830310225487,1.9073486328125e-08
0.11551078408956528,0.10259663611650467,1.9073486328125e-08
0.11438953131437302,0.10260783274968466,1.9073486328125e-08
0.11483164876699448,0.10257208536068599,1.9073486328125e-08
0.11509037390351295,0.10267260392506918,1.9073486328125e-08
0.11538640037178993,0.10257662415504455,1.9073486328125e-08
0.11541182547807693,0.10259566848476728,1.9073486328125e-08
0.11505704373121262,0.10261444017291069,1.9073486328125e-08
0.11496369168162346,0.10263959233959516,1.9073486328125e-08
0.11536508426070213,0.10260160048802694,9.5367431640625e-09
0.11567189171910286,0.10259344999988874,9.5367431640625e-09
0.11524242162704468,0.10258908500274022,9.5367431640625e-09
0.11499462276697159,0.10254277149836222,9.5367431640625e-09
0.11686008423566818,0.1025373179713885,9.5367431640625e-09
0.11538203060626984,0.10262944499651591,9.5367431640625e-09
0.11495549604296684,0.10263527487715085,9.5367431640625e-09
0.11530282348394394,0.1025743068754673,9.5367431640625e-09
0.11418409273028374,0.10258570651213328,9.5367431640625e-09
0.11493940278887749,0.10260226095716159,9.5367431640625e-09
0.11666705086827278,0.10263579150040944,9.5367431640625e-09
0.11547612771391869,0.10263410275181134,4.76837158203125e-09
0.11567453667521477,0.10257787153124809,4.76837158203125e-09
0.11533541232347488,0.10265826697150866,4.76837158203125e-09
0.11566260829567909,0.10255068336923917,4.76837158203125e-09
0.11485651507973671,0.10258831699689229,4.76837158203125e-09
0.11514183133840561,0.1026537798345089,4.76837158203125e-09
0.11485342308878899,0.1026824381450812,4.76837158203125e-09
0.11539338901638985,0.10259906952579816,4.76837158203125e-09
0.11535119265317917,0.10260837679107984,4.76837158203125e-09
0.11421070992946625,0.10260074605544409,4.76837158203125e-09
0.11540280282497406,0.10257380152742068,4.76837158203125e-09
0.11483761295676231,0.10263588483134906,2.384185791015625e-09
0.114555474370718,0.1026199270784855,2.384185791015625e-09
0.11642701923847198,0.10260978917280833,2.384185791015625e-09
0.11542005091905594,0.10256427183747291,2.384185791015625e-09
0.11528242006897926,0.10260531986753146,2.384185791015625e-09
0.11429593339562416,0.10256695702672004,2.384185791015625e-09
0.1159636601805687,0.10267072533567746,2.384185791015625e-09
0.11510453000664711,0.10267204269766808,2.384185791015625e-09
0.11531830206513405,0.10260892917712529,2.384185791015625e-09
0.11529693007469177,0.10251257081826527,2.384185791015625e-09
0.11515848711133003,0.10259949252009391,2.384185791015625e-09
0.1158343106508255,0.10252139493823051,1.1920928955078125e-09
0.11483123153448105,0.1026535349090894,1.1920928955078125e-09
0.11507464200258255,0.10263276358445485,1.1920928955078125e-09
0.11492019146680832,0.10258362029989561,1.1920928955078125e-09
0.11532162502408028,0.10253117044766744,1.1920928955078125e-09
0.11498337984085083,0.10259166484077771,1.1920928955078125e-09
0.11534397304058075,0.10260281721750895,1.1920928955078125e-09
0.11484824493527412,0.10257179086407026,1.1920928955078125e-09
0.1158532090485096,0.10265638435880343,1.1920928955078125e-09
0.11549010500311852,0.10254184171557426,1.1920928955078125e-09
0.1154872216284275,0.10259632011254628,1.1920928955078125e-09
0.11549021303653717,0.10263624971111615,5.960464477539063e-10
0.11504258960485458,0.10260252843300502,5.960464477539063e-10
0.11456648260354996,0.10265161613623301,5.960464477539063e-10
0.11495264619588852,0.10263685887058575,5.960464477539063e-10
0.11538194864988327,0.10256868153810501,5.960464477539063e-10
0.11484436318278313,0.10263346647222837,5.960464477539063e-10
0.11575677245855331,0.1025862966477871,5.960464477539063e-10
0.11604255065321922,0.10260673612356186,5.960464477539063e-10
0.11562822759151459,0.10261816134055456,5.960464477539063e-10
0.11529171466827393,0.1026243803401788,5.960464477539063e-10
0.11662472411990166,0.1026041659216086,5.960464477539063e-10
0.11543333902955055,0.1026622482140859,2.9802322387695313e-10
0.11490456014871597,0.102578962991635,2.9802322387695313e-10
0.11460641771554947,0.1026044461131096,2.9802322387695313e-10
0.11624615639448166,0.10264662673075994,2.9802322387695313e-10
0.11547649651765823,0.10263941953579585,2.9802322387695313e-10
0.11584140732884407,0.10260991156101226,2.9802322387695313e-10
0.11480605602264404,0.10261277774969736,2.9802322387695313e-10
0.11537914350628853,0.10259113609790801,2.9802322387695313e-10
0.11478802561759949,0.1025921497742335,2.9802322387695313e-10
0.11440474539995193,0.10264666751027107,2.9802322387695313e-10
0.11567734181880951,0.10254533062378565,2.9802322387695313e-10
0.1159738302230835,0.10262269442280134,1.4901161193847657e-10
0.11601200699806213,0.10264999960859617,1.4901161193847657e-10
0.11630482226610184,0.10262067904074987,1.4901161193847657e-10
0.1154043935239315,0.10262517134348552,1.4901161193847657e-10
0.11483581364154816,0.10253826498985291,1.4901161193847657e-10
0.11624589562416077,0.1026031415661176,1.4901161193847657e-10
0.11604632809758186,0.1026030711332957,1.4901161193847657e-10
0.11496937647461891,0.1025324147939682,1.4901161193847657e-10
0.11571862548589706,0.10261103118459383,1.4901161193847657e-10
0.1139160506427288,0.10263428330421448,1.4901161193847657e-10
0.11544900014996529,0.1025913573304812,1.4901161193847657e-10
0.11625045910477638,0.10262493113676707,7.450580596923828e-11
0.11490024626255035,0.10263898760080338,7.450580596923828e-11
0.11479487642645836,0.10267164245247841,7.450580596923828e-11
0.11545701697468758,0.10264851758877436,7.450580596923828e-11
0.11561395600438118,0.10261985063552856,7.450580596923828e-11
0.11561805382370949,0.10263828168312708,7.450580596923828e-11
0.11537827923893929,0.10263208304842313,7.450580596923828e-11
0.11513789743185043,0.10258665894468626,7.450580596923828e-11
0.11614688485860825,0.10257868284980456,7.450580596923828e-11
0.11511560901999474,0.1026204760869344,7.450580596923828e-11
0.11439269036054611,0.10256369863947233,7.450580596923828e-11
0.1155920922756195,0.10260034168759982,3.725290298461914e-11
0.11536425352096558,0.10261551573872567,3.725290298461914e-11
0.1146576814353466,0.10258790617187818,3.725290298461914e-11
0.1153680607676506,0.10267461558183034,3.725290298461914e-11
0.11453410983085632,0.10261568864186604,3.725290298461914e-11
0.11472060158848763,0.10263847410678864,3.725290298461914e-11
0.11480196192860603,0.10257622987031936,3.725290298461914e-11
0.11518670618534088,0.10263285810748736,3.725290298461914e-11
0.11514320969581604,0.1026650869846344,3.725290298461914e-11
0.1154719777405262,0.10261419917146365,3.725290298461914e-11
0.11576507613062859,0.10261621405680975,3.725290298461914e-11
0.11486003547906876,0.10260143558184306,1.862645149230957e-11
0.11499819532036781,0.1026278837521871,1.862645149230957e-11
0.11560864374041557,0.10255660737554233,1.862645149230957e-11
0.1150796189904213,0.10262103373805682,1.862645149230957e-11
0.11564827710390091,0.10261007403333981,1.862645149230957e-11
0.11514617875218391,0.10257206797599792,1.862645149230957e-11
0.1150985099375248,0.10253457923730215,1.862645149230957e-11
0.11610106006264687,0.10256984427571297,1.862645149230957e-11
0.11500545591115952,0.1024858166774114,1.862645149230957e-11
0.11420286446809769,0.10256030827760697,1.862645149230957e-11
0.1153784915804863,0.10266393348574639,1.862645149230957e-11
0.11517512425780296,0.10260544578234354,1.862645149230957e-11
0.11599035561084747,0.10259211430946986,1.862645149230957e-11
0.115326426923275,0.10263089855511984,1.862645149230957e-11
0.11543381959199905,0.10260525062680244,1.862645149230957e-11
0.11565865203738213,0.10256489003698031,1.862645149230957e-11
0.11541151627898216,0.10261090303460757,1.862645149230957e-11
0.11407935246825218,0.10261121710141499,1.862645149230957e-11
0.11573411896824837,0.10254910364747047,1.862645149230957e-11
0.1145210824906826,0.10262284169594448,9.313225746154785e-12
0.1157512366771698,0.10253244966268539,9.313225746154785e-12
0.11477591469883919,0.10265167191624641,9.313225746154785e-12
0.11532753705978394,0.10262535189588864,9.313225746154785e-12
0.11589710041880608,0.10264301970601082,9.313225746154785e-12
0.11493904888629913,0.10259541297952333,9.313225746154785e-12
0.11508255079388618,0.10270367369055748,9.313225746154785e-12
0.11571631953120232,0.10261380568146705,9.313225746154785e-12
0.1158563606441021,0.10258935302495957,9.313225746154785e-12
0.11475420743227005,0.10264249250292778,9.313225746154785e-12
0.1150837354362011,0.10259687493244807,9.313225746154785e-12
0.11600659042596817,0.10265718216697375,4.656612873077393e-12
0.1155385933816433,0.10265565459926923,4.656612873077393e-12
0.11497187986969948,0.10263063058257103,4.656612873077393e-12
0.11549486219882965,0.10259611656268437,4.656612873077393e-12
0.11522657051682472,0.10262869755427043,4.656612873077393e-12
0.11631502956151962,0.10259893581271172,4.656612873077393e-12
0.11516117677092552,0.10256495301922162,4.656612873077393e-12
0.11588059738278389,0.10261951938271523,4.656612873077393e-12
0.11449754983186722,0.10266228859623273,4.656612873077393e-12
0.11582682654261589,0.10262897570927938,4.656612873077393e-12
0.1147691048681736,0.10263094112277031,4.656612873077393e-12
0.11560669168829918,0.10266182571649551,2.3283064365386963e-12
0.1149798296391964,0.10265633846322696,2.3283064365386963e-12
0.11528569832444191,0.10258406942089399,2.3283064365386963e-12
0.11545664072036743,0.10264225299159686,2.3283064365386963e-12
0.11428186297416687,0.10258969411253929,2.3283064365386963e-12
0.11462292820215225,0.10259198481837908,2.3283064365386963e-12
0.11548255756497383,0.10262058953444163,2.3283064365386963e-12
0.11621269956231117,0.10268587489922841,2.3283064365386963e-12
0.11612492427229881,0.10256507883469264,2.3283064365386963e-12
0.11487211659550667,0.10260959605375926,2.3283064365386963e-12
0.11582038551568985,0.10255741268396378,2.3283064365386963e-12
0.11541494354605675,0.10255549867947897,1.1641532182693482e-12
0.11647873371839523,0.10260333662231763,1.1641532182693482e-12
0.11565160751342773,0.10263210917512576,1.1641532182693482e-12
0.1146901547908783,0.10256474867463111,1.1641532182693482e-12
0.11477470770478249,0.10260016635060311,1.1641532182693482e-12
0.11629420518875122,0.10260589693983396,1.1641532182693482e-12
0.11434366554021835,0.10255452573299408,1.1641532182693482e-12
0.1154082603752613,0.10260794942577679,1.1641532182693482e-12
0.11554238572716713,0.10261229023337365,1.1641532182693482e-12
0.11440544947981834,0.10256137256820996,1.1641532182693482e-12
0.11550358310341835,0.1025980663796266,1.1641532182693482e-12
0.11476830765604973,0.10261966879169146,5.820766091346741e-13
0.1151781715452671,0.10261324276526769,5.820766091346741e-13
0.11498027667403221,0.10261845822135607,5.820766091346741e-13
0.11595775932073593,0.10258021826545398,5.820766091346741e-13
0.11521999165415764,0.10266499410072963,5.820766091346741e-13
0.11472843959927559,0.10264809007445971,5.820766091346741e-13
0.11498074233531952,0.10263376757502556,5.820766091346741e-13
0.11559569090604782,0.1025623196363449,5.820766091346741e-13
0.11636684089899063,0.10261007219552994,5.820766091346741e-13
0.1154358796775341,0.10261117095748583,5.820766091346741e-13
0.11537333205342293,0.10256676211953163,5.820766091346741e-13
0.1160140261054039,0.10266743804017703,2.9103830456733704e-13
0.1153295636177063,0.10257657965024312,2.9103830456733704e-13
0.11543755978345871,0.10258639911810558,2.9103830456733704e-13
0.11526453867554665,0.10264217019081116,2.9103830456733704e-13
0.11458593234419823,0.10265396237373352,2.9103830456733704e-13
0.11528728157281876,0.10260978505015374,2.9103830456733704e-13
0.11571240797638893,0.10265215535958608,2.9103830456733704e-13
0.11504120752215385,0.1025987062851588,2.9103830456733704e-13
0.11512702703475952,0.10263867616653442,2.9103830456733704e-13
0.1148231141269207,0.10259885465105374,2.9103830456733704e-13
0.1156751774251461,0.10267725224296252,2.9103830456733704e-13
0.1159585639834404,0.10257845103740693,1.4551915228366852e-13
0.11566976085305214,0.10263554468750953,1.4551915228366852e-13
0.11604787409305573,0.1026474803686142,1.4551915228366852e-13
0.11489700525999069,0.10260906527439753,1.4551915228366852e-13
0.11507455632090569,0.10265222286184629,1.4551915228366852e-13
0.11554249003529549,0.1026061162352562,1.4551915228366852e-13
0.11524710431694984,0.10260964115460713,1.4551915228366852e-13
0.11514345183968544,0.1025885417064031,1.4551915228366852e-13
0.11503137275576591,0.10258021210630734,1.4551915228366852e-13
0.11531789228320122,0.10260741139451662,1.4551915228366852e-13
